,filename,text_length,lexical_density,average_sentence_length,average_word_length,oov_word_counts,reading_ease,punctuation_count,type_token_ratio,asian_context_feature,asian_imp_word,non_asian_imp_word,noun_counts,verb_counts,adjective_counts,target_region
0,100060,281,0.4804270462633452,70.25,4.259786476868327,21,18.717015124555175,18,0.61,0,0,1,79,41,11,0
1,100152,29,0.6551724137931034,29.0,4.448275862068965,1,46.12413793103451,1,0.22,0,0,0,5,7,5,0
2,100265,307,0.5928338762214984,38.375,4.5667752442996745,17,37.81531962540717,20,0.77,0,1,0,95,52,14,1
3,100282,67,0.6119402985074627,22.333333333333332,4.104477611940299,5,57.89800995024878,13,0.5,0,1,0,18,15,6,1
4,100288,25,0.52,25.0,3.52,0,79.94000000000001,2,0.18,0,0,1,4,7,1,1
5,100303,27,0.5555555555555556,27.0,4.111111111111111,2,47.83000000000001,3,0.25,0,1,0,6,6,2,1
6,100455,50,0.58,12.5,4.74,3,58.78750000000002,7,0.39,0,0,0,12,11,3,1
7,100575,25,0.52,12.5,4.0,2,65.55550000000002,4,0.23,0,1,1,5,3,5,1
8,100749,118,0.4915254237288136,29.5,4.0,8,60.029788135593236,13,0.72,0,1,1,30,21,7,0
9,101345,85,0.6235294117647059,28.333333333333332,4.094117647058823,2,57.64607843137257,4,0.62,0,1,1,17,23,6,0
10,101693,33,0.8181818181818182,33.0,5.636363636363637,3,-26.623636363636365,1,0.25,0,0,0,12,10,4,1
11,101809,91,0.5934065934065934,45.5,4.241758241758242,4,43.514038461538476,10,0.64,1,1,0,22,18,5,0
12,101934,6,0.3333333333333333,6.0,3.8333333333333335,0,73.84500000000001,1,0.06,0,0,0,1,1,0,1
13,102881,133,0.6541353383458647,16.625,4.6992481203007515,12,51.292955827067686,13,0.79,0,1,0,36,28,13,1
14,102931,58,0.5344827586206896,58.0,4.879310344827586,4,9.396034482758637,7,0.47,0,0,0,16,9,3,0
15,103799,224,0.5758928571428571,11.789473684210526,4.383928571428571,14,74.38921992481207,31,0.8,1,1,1,56,33,21,0
16,103993,82,0.7439024390243902,16.4,3.7439024390243905,2,74.6377804878049,24,0.52,1,0,1,22,16,11,1
17,10464,258,0.5,10.75,4.1937984496124034,13,76.89351744186048,46,0.7,1,1,1,49,54,11,1
18,105269,297,0.5959595959595959,17.470588235294116,4.383838383838384,8,67.18720142602497,54,0.8,0,1,1,54,62,31,0
19,10538,86,0.5930232558139535,28.666666666666668,5.174418604651163,15,31.163914728682187,5,0.65,0,0,0,29,18,3,0
20,105834,231,0.6147186147186147,12.157894736842104,3.9913419913419914,7,73.63759398496244,24,0.68,0,1,1,55,54,16,0
21,105931,29,0.6896551724137931,29.0,4.379310344827586,2,31.537931034482796,5,0.22,0,0,0,8,9,1,0
22,106078,147,0.6122448979591837,29.4,3.639455782312925,7,80.30828571428576,29,0.68,0,1,1,42,35,15,0
23,106106,9,1.0,9.0,8.777777777777779,0,197.70000000000002,7,0.02,0,0,0,9,0,0,0
24,106193,102,0.6568627450980392,51.0,4.4411764705882355,7,23.19352941176473,18,0.69,1,1,0,33,18,12,0
25,106347,29,0.6206896551724138,14.5,4.379310344827586,1,69.59336206896553,2,0.26,1,0,1,6,7,4,1
26,107565,245,0.5591836734693878,24.5,4.114285714285714,11,59.383826530612254,27,0.73,1,1,1,41,60,13,1
27,107676,79,0.5822784810126582,79.0,4.063291139240507,5,13.136075949367111,6,0.6,0,1,0,14,18,6,0
28,107807,144,0.5833333333333334,16.0,4.375,7,67.22000000000001,14,0.71,0,1,0,32,26,16,0
29,108405,43,0.6976744186046512,43.0,5.162790697674419,2,3.827209302325599,0,0.28,1,0,0,19,4,7,1
30,109611,115,0.5739130434782609,19.166666666666668,3.8521739130434782,4,68.20518115942029,11,0.74,0,0,1,20,24,13,0
31,109836,49,0.7346938775510204,16.333333333333332,4.428571428571429,2,40.04850340136059,5,0.37,0,0,0,16,10,6,1
32,110331,30,0.5333333333333333,10.0,4.2,2,55.685,3,0.24,0,1,0,3,8,3,1
33,111631,160,0.53125,13.333333333333334,4.54375,8,70.10291666666669,18,0.72,0,1,1,38,26,12,0
34,111932,387,0.5813953488372093,14.884615384615385,4.3023255813953485,23,67.34106887298748,44,0.81,1,1,1,84,81,30,0
35,112526,14,0.6428571428571429,14.0,3.642857142857143,1,77.81071428571428,2,0.12,0,0,0,0,6,2,0
36,11387,97,0.6185567010309279,97.0,4.453608247422681,4,-22.44474226804121,5,0.69,1,1,0,24,23,11,1
37,114963,109,0.5596330275229358,9.083333333333334,3.9908256880733943,4,81.19339831804284,23,0.7,0,1,1,17,26,5,0
38,116212,152,0.5723684210526315,76.0,4.315789473684211,17,1.6818421052632004,12,0.62,0,1,1,42,28,14,0
39,116599,93,0.6021505376344086,93.0,4.053763440860215,2,-18.55354838709674,10,0.65,0,0,0,16,17,9,0
40,116615,116,0.5689655172413793,19.333333333333332,4.456896551724138,9,58.853045977011504,10,0.64,1,1,0,34,19,12,0
41,116720,43,0.5581395348837209,5.375,3.488372093023256,2,79.39797965116281,12,0.34,1,0,0,9,11,1,0
42,117359,30,0.5,30.0,3.9,0,55.12500000000003,4,0.23,0,0,0,6,4,1,0
43,118559,47,0.6170212765957447,15.666666666666666,4.0638297872340425,2,77.53333333333335,4,0.33,0,0,0,7,16,3,1
44,119220,234,0.5341880341880342,29.25,4.2094017094017095,15,57.115480769230786,32,0.73,0,1,1,57,44,20,0
45,119243,38,0.5789473684210527,38.0,3.763157894736842,1,65.85447368421055,4,0.25,0,0,0,8,11,0,1
46,119966,24,0.6666666666666666,24.0,4.625,0,52.05000000000001,2,0.2,0,0,0,5,4,4,0
47,120141,57,0.5614035087719298,57.0,3.789473684210526,3,37.66421052631581,5,0.4,0,0,1,14,11,4,0
48,120297,17,0.47058823529411764,17.0,3.1176470588235294,1,104.98000000000002,2,0.12,0,0,0,1,6,0,0
49,121067,72,0.5833333333333334,72.0,4.597222222222222,3,13.905000000000001,3,0.5,0,1,0,17,18,3,0
50,12179,64,0.625,16.0,4.546875,4,53.120000000000005,9,0.51,0,1,1,18,11,7,1
51,121941,59,0.5254237288135594,29.5,4.101694915254237,0,65.04843220338985,14,0.49,0,1,0,17,8,3,1
52,122836,148,0.5675675675675675,37.0,3.7635135135135136,8,62.958378378378384,28,0.65,0,1,0,25,32,13,0
53,123038,45,0.6888888888888889,22.5,4.7555555555555555,3,41.11750000000001,7,0.38,0,0,0,14,10,4,1
54,123466,85,0.6235294117647059,85.0,3.847058823529412,0,8.091764705882383,9,0.63,0,1,0,14,21,7,0
55,125465,30,0.5666666666666667,10.0,4.633333333333334,2,50.045000000000016,4,0.24,0,0,0,10,7,0,0
56,125468,63,0.6349206349206349,15.75,4.111111111111111,3,72.67732142857143,6,0.49,0,0,0,20,9,7,0
57,126466,96,0.65625,48.0,4.375,6,32.977500000000006,13,0.65,0,1,1,17,22,12,0
58,127137,274,0.5766423357664233,13.7,4.062043795620438,14,72.20468248175185,38,0.63,1,0,0,67,44,26,0
59,128171,40,0.725,5.714285714285714,4.5,3,80.48,7,0.34,0,0,0,15,7,5,1
60,12872,48,0.7291666666666666,48.0,4.416666666666667,5,20.640000000000015,3,0.38,1,1,1,21,9,5,1
61,12912,187,0.5294117647058824,37.4,3.855614973262032,3,59.84405347593585,16,0.74,0,0,0,42,34,13,0
62,129636,39,0.6666666666666666,19.5,3.717948717948718,1,85.08865384615387,4,0.34,0,1,0,9,11,3,0
63,129748,53,0.6415094339622641,13.25,4.150943396226415,1,68.88058962264155,6,0.44,0,0,0,10,8,10,1
64,129764,108,0.6203703703703703,9.0,4.0,6,75.50000000000003,15,0.72,0,1,0,24,24,9,1
65,130112,61,0.8032786885245902,20.333333333333332,4.737704918032787,4,25.317978142076555,8,0.48,1,1,0,31,11,5,1
66,130663,48,0.75,48.0,4.791666666666667,3,1.2525000000000261,1,0.44,0,0,0,18,9,7,1
67,130835,227,0.5991189427312775,16.214285714285715,4.171806167400881,9,67.39071585903085,27,0.78,0,1,1,47,55,16,1
68,131257,22,0.8181818181818182,22.0,4.681818181818182,0,46.06863636363636,1,0.19,0,0,0,6,7,5,1
69,131341,14,0.8571428571428571,4.666666666666667,3.7142857142857144,0,93.32690476190476,2,0.11,0,0,0,6,1,3,1
70,131365,16,0.625,8.0,4.3125,2,77.1025,2,0.15,0,0,0,3,4,1,1
71,131522,129,0.6356589147286822,11.727272727272727,4.1937984496124034,7,61.801585623678676,24,0.74,1,1,1,38,23,13,0
72,13161,42,0.7142857142857143,14.0,8.523809523809524,4,17.382142857142867,2,0.39,0,0,0,9,11,5,1
73,131666,25,0.64,8.333333333333334,4.36,0,73.16866666666668,5,0.2,0,0,0,8,7,1,1
74,13202,129,0.5891472868217055,16.125,3.86046511627907,5,81.60300872093025,18,0.66,0,1,0,21,27,18,1
75,132123,41,0.6585365853658537,41.0,4.170731707317073,4,41.41512195121955,5,0.33,0,0,0,12,8,3,1
76,132935,89,0.6179775280898876,11.125,4.01123595505618,6,74.82177668539327,11,0.66,0,1,1,27,15,8,0
77,133451,37,0.4864864864864865,37.0,3.5405405405405403,3,68.6745945945946,3,0.28,0,1,0,7,10,1,1
78,133931,98,0.5816326530612245,9.8,4.408163265306122,4,79.48391836734696,19,0.71,0,0,0,17,25,7,0
79,134653,37,0.5135135135135135,37.0,4.0,0,59.528648648648655,2,0.3,0,0,0,7,8,2,0
80,13471,116,0.6293103448275862,11.6,4.672413793103448,6,51.38686206896554,15,0.64,1,1,0,32,22,11,1
81,134787,36,0.6666666666666666,12.0,3.7777777777777777,2,95.955,3,0.26,0,0,0,8,11,1,0
82,134880,45,0.5777777777777777,11.25,4.2444444444444445,2,60.056250000000034,5,0.3,0,0,0,14,7,2,0
83,135076,244,0.5737704918032787,40.666666666666664,4.188524590163935,15,43.16571038251368,26,0.69,1,1,0,45,48,28,0
84,135346,79,0.5822784810126582,15.8,4.139240506329114,5,68.71698734177217,8,0.55,0,0,1,16,19,7,1
85,135380,101,0.5643564356435643,33.666666666666664,3.891089108910891,7,66.28511551155118,10,0.72,0,0,1,23,19,6,0
86,135953,198,0.5757575757575758,18.0,4.1767676767676765,15,64.22863636363637,15,0.67,0,1,0,48,38,16,1
87,136005,120,0.6166666666666667,24.0,4.058333333333334,4,65.44500000000004,21,0.69,0,0,1,30,22,14,0
88,136207,164,0.5914634146341463,32.8,4.158536585365853,3,57.4759268292683,21,0.8,0,1,0,27,40,12,0
89,13665,81,0.6172839506172839,20.25,4.271604938271605,1,61.99236111111111,9,0.64,1,1,1,21,17,8,1
90,137195,33,0.6060606060606061,16.5,4.0606060606060606,1,77.28750000000002,2,0.28,0,1,1,5,9,4,1
91,137318,905,0.5779005524861879,16.160714285714285,4.47292817679558,36,63.48513466850832,103,0.64,0,1,1,209,179,68,0
92,137420,21,0.6190476190476191,21.0,3.4285714285714284,0,80.77714285714288,3,0.16,0,0,0,3,5,2,0
93,13811,30,0.6,30.0,4.6,2,32.565000000000026,1,0.27,0,0,0,6,9,0,1
94,138274,272,0.5588235294117647,13.6,4.007352941176471,15,78.57217647058825,34,0.8,1,1,1,56,49,25,0
95,138828,88,0.5795454545454546,88.0,4.329545454545454,8,-13.230454545454506,5,0.68,0,0,1,12,21,8,1
96,13948,61,0.6229508196721312,20.333333333333332,3.6885245901639343,1,79.40650273224045,10,0.47,0,0,0,13,14,5,0
97,140058,57,0.5964912280701754,19.0,4.614035087719298,1,55.45526315789476,8,0.44,0,0,0,8,18,4,0
98,141272,92,0.532608695652174,13.142857142857142,3.8043478260869565,2,83.14717391304349,16,0.63,0,1,0,21,16,5,0
99,141545,100,0.62,25.0,3.75,4,67.25000000000001,13,0.65,0,0,1,24,26,7,0
100,141960,42,0.40476190476190477,21.0,3.6904761904761907,2,78.76285714285716,2,0.31,0,1,0,2,10,1,0
101,142314,82,0.6341463414634146,41.0,4.2682926829268295,1,47.60536585365858,6,0.54,1,0,0,20,18,11,1
102,142384,54,0.5925925925925926,18.0,4.185185185185185,4,71.06500000000001,6,0.39,0,1,0,13,11,5,0
103,142580,67,0.6268656716417911,33.5,4.119402985074627,4,54.13996268656717,3,0.51,0,1,0,17,17,6,0
104,142726,20,0.95,20.0,4.95,3,34.255000000000024,0,0.16,0,0,0,7,5,5,1
105,14549,156,0.5705128205128205,11.142857142857142,3.9743589743589745,13,81.64038461538462,23,0.77,0,0,0,38,29,14,1
106,14588,17,0.5882352941176471,17.0,3.411764705882353,0,80.09764705882354,1,0.11,0,0,0,4,4,0,1
107,146022,21,0.5714285714285714,21.0,4.285714285714286,0,72.72000000000003,0,0.16,0,0,0,5,5,2,1
108,147166,42,0.5952380952380952,42.0,4.0476190476190474,4,59.46214285714288,3,0.33,0,0,0,11,7,5,0
109,147424,107,0.5887850467289719,21.4,3.9813084112149535,2,72.05044859813086,7,0.68,0,1,0,21,23,10,0
110,148926,74,0.6081081081081081,12.333333333333334,4.54054054054054,4,57.12747747747747,16,0.59,0,1,0,17,11,7,0
111,149352,58,0.4827586206896552,58.0,3.793103448275862,2,45.86155172413794,4,0.42,0,0,0,5,12,5,0
112,151386,420,0.5833333333333334,24.705882352941178,4.938095238095238,31,35.11852941176474,55,0.75,1,1,1,159,55,23,0
113,151405,91,0.5494505494505495,15.166666666666666,4.1208791208791204,8,77.09138278388278,10,0.63,0,1,1,19,20,6,1
114,151815,17,0.7058823529411765,17.0,4.823529411764706,0,60.19176470588238,1,0.16,0,0,0,5,4,2,1
115,152319,199,0.6482412060301508,199.0,3.763819095477387,8,-94.6293969849246,20,0.78,0,1,1,46,43,21,0
116,153216,230,0.5695652173913044,38.333333333333336,4.147826086956521,12,46.176231884058,28,0.68,0,1,0,58,40,15,0
117,154442,212,0.589622641509434,53.0,4.089622641509434,11,32.92396226415097,19,0.75,0,1,1,45,46,14,0
118,155096,35,0.6857142857142857,17.5,4.085714285714285,0,68.21535714285717,13,0.27,0,0,0,6,12,3,1
119,155544,10,0.8,10.0,8.8,0,95.165,2,0.09,0,0,0,3,2,1,0
120,155746,13,0.6153846153846154,13.0,6.153846153846154,1,24.440000000000026,0,0.13,0,0,0,5,2,1,1
121,156258,43,0.6511627906976745,10.75,4.325581395348837,0,83.7795639534884,18,0.35,0,1,0,14,8,3,1
122,156338,278,0.5359712230215827,21.384615384615383,3.9928057553956835,8,70.70659380188158,34,0.72,0,1,1,61,49,18,0
123,156960,41,0.7317073170731707,41.0,4.414634146341464,3,26.971219512195177,2,0.3,0,0,0,18,9,1,0
124,157821,93,0.5483870967741935,23.25,4.10752688172043,3,64.06850806451614,33,0.63,0,0,0,38,8,7,0
125,158348,218,0.573394495412844,9.478260869565217,4.3119266055045875,10,71.47878540087756,30,0.74,0,1,0,48,43,16,0
126,158494,45,0.5555555555555556,7.5,3.8444444444444446,4,112.7425,9,0.32,0,1,0,10,10,2,1
127,158502,137,0.5474452554744526,15.222222222222221,3.795620437956204,4,85.17130575831307,15,0.75,0,0,1,21,30,11,0
128,159408,39,0.6410256410256411,13.0,4.487179487179487,2,56.97846153846157,5,0.31,0,1,0,14,8,3,0
129,16007,54,0.48148148148148145,54.0,5.092592592592593,3,-1.5083333333333258,9,0.38,0,0,0,13,7,4,0
130,160539,114,0.5263157894736842,12.666666666666666,3.9035087719298245,3,80.43622807017547,16,0.68,0,1,0,18,23,10,0
131,160623,101,0.7128712871287128,14.428571428571429,4.643564356435643,3,57.33257425742573,14,0.69,0,1,0,29,25,15,1
132,160774,90,0.5555555555555556,45.0,3.9444444444444446,2,45.540000000000035,7,0.62,0,1,1,12,21,6,0
133,16267,26,0.6538461538461539,26.0,5.076923076923077,0,66.56038461538463,1,0.21,0,0,0,11,5,1,0
134,163035,83,0.6144578313253012,27.666666666666668,4.421686746987952,3,38.093092369477915,6,0.6,0,1,1,25,17,6,0
135,16429,37,0.6486486486486487,12.333333333333334,4.324324324324325,2,63.98693693693693,5,0.31,0,0,0,10,9,3,0
136,166052,6,0.5,6.0,4.0,0,73.84500000000001,1,0.06,0,0,0,1,1,1,1
137,166086,60,0.7666666666666667,30.0,4.6,2,41.025000000000034,4,0.44,1,0,0,20,15,9,0
138,166160,21,0.7142857142857143,4.2,3.857142857142857,2,85.74342857142858,4,0.21,0,1,0,6,6,3,0
139,166631,83,0.5301204819277109,20.75,4.0120481927710845,4,73.65326807228917,8,0.63,0,0,1,16,16,8,0
140,167262,107,0.5607476635514018,53.5,4.11214953271028,7,36.30633177570097,12,0.77,0,0,0,23,22,12,0
141,167307,84,0.5833333333333334,16.8,4.154761904761905,1,58.8544285714286,12,0.52,0,1,1,17,16,9,1
142,167590,477,0.559748427672956,21.681818181818183,3.909853249475891,16,72.91474699828476,52,0.77,1,1,1,95,87,29,0
143,168013,421,0.6437054631828979,60.142857142857146,5.4560570071258905,24,-16.17579572446553,56,0.78,0,1,1,172,34,55,0
144,168160,30,0.5333333333333333,30.0,3.7666666666666666,0,74.86500000000002,1,0.19,0,0,0,8,4,2,0
145,168210,44,0.5227272727272727,22.0,3.9318181818181817,1,61.45045454545455,7,0.34,0,0,1,10,7,3,0
146,168334,72,0.5138888888888888,72.0,4.291666666666667,4,16.25500000000001,7,0.5,0,1,0,13,15,7,0
147,169609,80,0.575,80.0,3.7625,2,12.48250000000003,11,0.58,0,1,0,15,20,7,0
148,170238,73,0.547945205479452,73.0,5.273972602739726,9,-22.553150684931495,8,0.53,0,1,0,24,9,6,0
149,17042,235,0.5574468085106383,11.19047619047619,3.617021276595745,15,89.6366666666667,40,0.68,0,1,1,41,48,22,1
150,170421,127,0.5275590551181102,127.0,4.141732283464567,2,-35.980236220472435,13,0.54,0,0,0,36,15,13,0
151,170664,15,0.7333333333333333,15.0,4.466666666666667,1,50.610000000000014,4,0.16,0,0,0,5,4,3,1
152,170750,80,0.5125,16.0,4.0875,4,71.0975,11,0.59,0,1,1,13,16,5,1
153,170772,10,0.8,10.0,4.1,2,78.24500000000002,0,0.1,0,1,0,5,3,0,0
154,170854,59,0.576271186440678,29.5,4.033898305084746,2,59.31283898305087,6,0.47,0,1,0,12,14,6,0
155,171024,53,0.5283018867924528,13.25,3.849056603773585,2,75.26549528301891,5,0.35,0,0,0,10,10,5,0
156,171077,216,0.5601851851851852,216.0,3.675925925925926,6,-124.42166666666664,25,0.75,0,1,0,34,46,22,0
157,171262,69,0.7101449275362319,17.25,4.304347826086956,2,78.9784239130435,13,0.5,0,1,0,18,18,4,0
158,17242,35,0.6285714285714286,35.0,4.114285714285714,0,60.12142857142858,4,0.29,0,0,0,10,9,2,0
159,172559,61,0.5573770491803278,8.714285714285714,3.4918032786885247,5,99.52114754098362,7,0.45,0,0,1,10,10,3,1
160,173196,96,0.5625,32.0,4.479166666666667,4,50.098750000000024,12,0.69,0,1,0,20,23,6,0
161,173201,126,0.6349206349206349,15.75,4.015873015873016,4,72.00589285714287,16,0.72,0,1,1,27,28,10,0
162,173441,173,0.5028901734104047,43.25,3.7745664739884393,14,53.88538294797692,9,0.71,0,0,0,38,37,4,0
163,173460,553,0.5515370705244123,21.26923076923077,4.620253164556962,36,51.84492245096678,65,0.65,0,1,1,146,104,34,0
164,173948,16,0.5,16.0,3.9375,0,79.5575,2,0.16,0,0,0,3,5,0,0
165,173955,16,0.75,16.0,5.375,1,47.83250000000001,7,0.15,0,0,0,5,5,2,1
166,174664,249,0.5582329317269076,12.45,4.0843373493975905,19,70.8657198795181,38,0.7,0,1,1,50,59,10,0
167,175113,248,0.5120967741935484,31.0,3.975806451612903,11,55.292580645161294,30,0.71,1,0,1,49,48,18,0
168,175343,260,0.5576923076923077,32.5,4.026923076923077,6,58.335961538461575,37,0.79,0,1,0,58,50,20,0
169,175494,145,0.593103448275862,24.166666666666668,4.86896551724138,5,34.69341954022991,20,0.8,0,0,0,39,31,8,0
170,176017,21,0.6190476190476191,21.0,5.0476190476190474,1,24.3771428571429,3,0.17,0,0,0,6,3,2,0
171,176532,49,0.4897959183673469,12.25,4.040816326530612,3,82.17676020408165,5,0.34,0,0,0,7,10,5,0
172,176883,33,0.6060606060606061,11.0,4.0606060606060606,1,75.17909090909093,5,0.27,0,0,0,9,6,4,0
173,177362,78,0.5641025641025641,19.5,4.0256410256410255,4,63.39634615384618,12,0.57,0,0,1,24,14,3,0
174,177394,165,0.49696969696969695,18.333333333333332,4.115151515151515,13,76.96484848484852,27,0.7,0,1,1,44,25,5,0
175,177513,101,0.6237623762376238,20.2,4.594059405940594,2,81.62902970297033,23,0.61,0,0,0,35,18,9,0
176,177577,63,0.6190476190476191,12.6,4.507936507936508,1,66.47457142857147,7,0.51,0,1,1,12,16,7,0
177,17827,155,0.5483870967741935,10.333333333333334,4.058064516129032,6,77.36086021505376,22,0.64,1,1,0,31,33,11,1
178,178512,12,0.8333333333333334,12.0,5.0,2,53.655,5,0.09,0,1,0,3,3,0,0
179,178535,36,0.6388888888888888,7.2,3.9166666666666665,2,89.07700000000003,6,0.28,0,0,1,9,5,7,0
180,180137,86,0.5581395348837209,86.0,3.5930232558139537,3,24.12406976744188,9,0.63,0,1,1,15,16,8,0
181,180443,46,0.6739130434782609,46.0,4.086956521739131,1,47.95804347826089,6,0.37,0,1,0,11,13,3,0
182,180721,214,0.6214953271028038,23.77777777777778,4.429906542056075,11,62.12578920041537,24,0.71,0,1,1,37,52,29,1
183,18109,148,0.5608108108108109,74.0,3.858108108108108,6,15.114189189189233,8,0.68,0,0,1,36,26,9,1
184,181497,277,0.5884476534296029,25.181818181818183,4.592057761732852,12,45.67112241549066,39,0.75,1,1,0,85,42,20,0
185,18244,37,0.6216216216216216,37.0,4.378378378378378,3,36.6637837837838,2,0.31,0,0,0,7,9,5,1
186,18248,80,0.65,7.2727272727272725,4.6875,3,54.57568181818186,14,0.58,0,0,1,18,19,6,1
187,182837,206,0.5776699029126213,25.75,4.339805825242719,12,62.01234223300973,30,0.79,0,0,0,54,38,17,0
188,18292,77,0.6233766233766234,9.625,4.8441558441558445,2,68.51757305194806,12,0.57,1,1,1,10,24,9,0
189,183124,242,0.6074380165289256,20.166666666666668,4.012396694214876,11,66.80715564738294,27,0.83,0,1,0,50,48,17,1
190,183451,64,0.53125,64.0,3.296875,2,38.76875000000001,0,0.32,0,0,0,13,14,2,0
191,184220,72,0.5138888888888888,18.0,3.763888888888889,2,80.46500000000002,10,0.52,0,0,1,18,10,6,0
192,184625,115,0.6260869565217392,19.166666666666668,4.4,6,54.22778985507247,6,0.71,0,1,0,28,29,11,1
193,184776,283,0.5901060070671378,35.375,3.9964664310954063,24,63.908880300353374,25,0.67,0,1,0,70,60,17,0
194,184979,8,0.5,8.0,3.625,1,114.11500000000001,1,0.08,0,0,0,2,0,0,0
195,185019,68,0.6764705882352942,68.0,4.294117647058823,0,0.9620588235294179,2,0.47,0,0,0,18,13,10,0
196,185028,16,0.625,5.333333333333333,3.9375,1,95.67166666666668,5,0.11,0,0,0,2,5,0,1
197,185137,31,0.6451612903225806,10.333333333333334,4.064516129032258,3,89.91440860215054,3,0.23,0,0,0,9,8,2,1
198,185241,101,0.5247524752475248,16.833333333333332,3.5841584158415842,0,84.20857260726073,8,0.63,0,0,1,18,20,5,1
199,185256,354,0.6214689265536724,70.8,4.731638418079096,36,-16.064288135593188,53,0.76,0,1,1,136,43,27,0
200,185356,10,1.0,5.0,5.4,6,-26.659999999999968,1,0.11,0,0,0,10,0,0,0
201,186103,7,1.0,7.0,5.285714285714286,2,6.35857142857148,1,0.06,0,0,0,7,0,0,0
202,186176,30,0.7666666666666667,10.0,4.3,3,89.52500000000002,6,0.27,0,0,0,9,7,3,0
203,186253,208,0.6009615384615384,26.0,4.019230769230769,16,69.8142307692308,36,0.7,0,0,1,54,41,13,0
204,186760,84,0.5595238095238095,84.0,4.5,3,-7.339285714285694,9,0.58,0,1,1,19,17,3,0
205,187181,70,0.6142857142857143,70.0,4.3428571428571425,1,2.8421428571429033,2,0.45,1,0,1,19,14,7,1
206,187557,199,0.6180904522613065,39.8,4.592964824120603,15,31.673175879397007,14,0.71,0,1,0,49,41,14,0
207,187775,155,0.6387096774193548,31.0,4.038709677419355,15,49.83451612903227,20,0.66,1,1,0,43,37,12,0
208,187820,46,0.5434782608695652,46.0,4.586956521739131,2,13.014565217391322,6,0.36,0,1,0,13,5,2,0
209,188057,76,0.6578947368421053,25.333333333333332,4.7894736842105265,8,24.166403508771936,5,0.57,0,0,0,21,14,13,1
210,188074,9,0.4444444444444444,3.0,3.0,0,109.79000000000002,3,0.08,0,0,0,1,3,0,0
211,188301,24,0.75,8.0,3.9166666666666665,0,85.91500000000002,7,0.2,0,1,0,4,10,1,0
212,188737,5,0.8,5.0,4.6,1,83.32000000000004,0,0.05,0,1,0,1,2,1,0
213,189314,64,0.5,12.8,3.84375,3,86.77112500000003,10,0.49,0,1,0,12,12,3,0
214,190029,2,1.0,2.0,5.5,0,-6.694999999999993,0,0.02,0,0,0,2,0,0,0
215,190119,105,0.5904761904761905,13.125,3.8095238095238093,4,89.57598214285714,13,0.75,0,1,1,20,25,8,0
216,19020,359,0.6044568245125348,25.642857142857142,5.069637883008356,33,19.619756267409485,68,0.74,0,1,1,107,52,40,0
217,190271,47,0.6808510638297872,15.666666666666666,4.148936170212766,1,45.133333333333354,4,0.33,0,0,0,22,7,3,0
218,19050,85,0.5882352941176471,17.0,4.576470588235294,9,56.21058823529415,11,0.61,0,1,1,25,16,8,1
219,190783,49,0.5510204081632653,12.25,4.020408163265306,2,92.53594387755103,5,0.37,0,1,1,9,13,2,0
220,191475,165,0.5454545454545454,16.5,4.96969696969697,14,50.112954545454556,18,0.78,0,1,1,40,25,13,0
221,191624,15,0.4666666666666667,15.0,4.2,1,84.45000000000003,2,0.14,0,0,0,3,3,1,0
222,191722,64,0.640625,16.0,4.6875,3,42.545000000000016,5,0.52,1,0,1,16,10,10,0
223,192464,76,0.47368421052631576,76.0,4.118421052631579,3,7.2476315789473915,7,0.52,0,0,0,18,11,5,0
224,19287,50,0.58,7.142857142857143,3.7,2,82.83700000000003,10,0.39,0,1,0,5,12,6,0
225,193249,26,0.7307692307692307,13.0,4.423076923076923,1,53.72461538461542,2,0.2,1,1,0,5,9,4,1
226,193340,176,0.5738636363636364,12.571428571428571,4.1022727272727275,16,86.88295454545457,24,0.8,1,1,1,42,35,16,0
227,193488,162,0.5555555555555556,14.727272727272727,4.030864197530864,6,72.82015151515154,19,0.73,0,0,0,31,30,15,0
228,193529,74,0.581081081081081,14.8,4.1891891891891895,2,54.623810810810824,12,0.52,1,1,0,17,19,4,0
229,194059,44,0.5454545454545454,44.0,4.045454545454546,3,52.57954545454548,4,0.36,0,1,0,8,10,4,0
230,194195,20,0.7,20.0,3.8,2,68.09500000000004,1,0.18,0,1,1,8,3,2,0
231,195214,20,0.6,20.0,4.05,1,59.63500000000003,3,0.16,0,0,0,6,5,0,0
232,195295,85,0.5411764705882353,28.333333333333332,4.105882352941176,5,60.63196078431375,13,0.65,0,1,0,15,20,5,0
233,195327,47,0.46808510638297873,23.5,3.297872340425532,0,76.78250000000003,7,0.33,0,1,0,5,11,6,0
234,195662,106,0.5660377358490566,10.6,4.660377358490566,4,70.77222641509437,12,0.74,1,0,0,23,18,13,1
235,196392,84,0.6547619047619048,16.8,5.226190476190476,4,40.725857142857166,9,0.58,0,1,0,29,14,5,0
236,196649,68,0.5441176470588235,17.0,5.8088235294117645,3,73.87705882352942,10,0.5,0,1,0,13,12,8,0
237,197540,42,0.5476190476190477,42.0,3.5476190476190474,1,51.40500000000003,5,0.32,0,1,1,6,13,1,0
238,197620,2,1.0,2.0,38.0,0,204.805,0,0.01,0,0,0,2,0,0,0
239,198031,110,0.5272727272727272,15.714285714285714,3.9909090909090907,6,70.90681818181821,15,0.75,1,0,0,23,21,7,0
240,198134,18,0.6666666666666666,9.0,3.388888888888889,2,84.90000000000003,3,0.18,0,0,0,6,4,2,0
241,198137,31,0.5806451612903226,10.333333333333334,3.903225806451613,2,70.81118279569893,7,0.26,0,0,0,8,6,3,0
242,198138,68,0.5588235294117647,22.666666666666668,3.8088235294117645,4,63.14892156862747,12,0.48,0,0,1,15,9,7,0
243,198143,55,0.5636363636363636,55.0,4.254545454545455,4,21.80272727272728,7,0.42,0,0,0,16,8,6,0
244,198649,109,0.5963302752293578,109.0,4.587155963302752,4,-36.52110091743117,5,0.69,0,0,1,28,16,15,0
245,198825,27,0.6666666666666666,27.0,3.5555555555555554,1,76.03,2,0.21,0,0,0,6,7,4,0
246,198879,30,0.5666666666666667,15.0,4.133333333333334,2,84.45000000000003,2,0.24,0,1,0,6,5,3,0
247,199248,4,1.0,4.0,9.5,4,202.775,0,0.04,0,0,0,3,0,1,0
248,200161,320,0.546875,21.333333333333332,4.25625,13,63.304791666666674,38,0.68,0,1,1,77,52,24,0
249,20028,6,0.8333333333333334,6.0,4.666666666666667,0,59.745000000000005,1,0.06,0,1,0,3,2,0,0
250,20031,177,0.5706214689265536,16.09090909090909,4.096045197740113,11,71.48916795069337,19,0.67,1,1,0,35,34,20,0
251,200692,243,0.551440329218107,34.714285714285715,4.292181069958848,13,51.14074074074078,12,0.7,0,1,0,64,42,10,0
252,201197,58,0.6206896551724138,29.0,4.379310344827586,1,47.582758620689674,5,0.44,1,0,0,15,11,9,0
253,20140,126,0.5873015873015873,25.2,4.277777777777778,8,48.98557142857143,31,0.76,0,0,0,30,23,17,1
254,201407,49,0.6326530612244898,16.333333333333332,4.081632653061225,3,71.12605442176874,5,0.35,0,0,0,13,4,8,0
255,201472,410,0.5682926829268292,82.0,4.412195121951219,22,-0.19987804878046234,30,0.7,0,1,0,87,85,38,0
256,201616,78,0.5897435897435898,13.0,6.243589743589744,2,75.41692307692311,13,0.55,0,1,0,19,16,9,0
257,202217,82,0.5975609756097561,27.333333333333332,3.9878048780487805,1,62.508739837398394,9,0.54,0,0,0,12,20,10,0
258,202505,57,0.5789473684210527,7.125,4.052631578947368,0,85.31891447368423,13,0.45,1,1,0,13,12,4,0
259,202774,168,0.5892857142857143,15.272727272727273,4.279761904761905,8,64.93675324675327,24,0.79,0,1,1,43,31,10,0
260,202871,145,0.6482758620689655,145.0,4.586206896551724,4,-75.1165517241379,8,0.77,1,1,0,37,28,17,0
261,202880,66,0.7424242424242424,22.0,4.0,1,66.57772727272727,6,0.51,0,1,1,17,13,11,0
262,20329,362,0.5441988950276243,25.857142857142858,4.0911602209944755,13,57.66292817679559,32,0.66,0,1,0,72,79,21,1
263,204000,210,0.5380952380952381,70.0,4.214285714285714,5,9.690714285714321,14,0.74,0,1,1,46,37,16,0
264,204140,43,0.6511627906976745,14.333333333333334,4.255813953488372,10,52.59829457364344,5,0.39,0,0,0,16,8,4,0
265,204278,35,0.6285714285714286,35.0,3.6285714285714286,1,62.53857142857143,4,0.31,0,0,1,6,7,3,0
266,205651,30,0.7333333333333333,30.0,4.9,5,32.565000000000026,0,0.26,0,1,0,7,6,5,0
267,205829,26,0.7307692307692307,26.0,3.576923076923077,1,73.06807692307696,4,0.21,0,0,0,12,5,1,0
268,20654,84,0.6428571428571429,21.0,4.2976190476190474,4,63.65571428571431,11,0.59,0,0,1,22,19,7,1
269,20687,251,0.5617529880478087,17.928571428571427,4.0239043824701195,8,78.42156374501995,36,0.73,0,1,1,43,56,18,1
270,20700,126,0.5793650793650794,126.0,4.333333333333333,7,-50.64071428571427,10,0.66,0,1,0,25,28,12,1
271,20736,57,0.6491228070175439,28.5,4.2631578947368425,1,54.71802631578947,10,0.43,0,1,0,19,15,0,0
272,207405,51,0.6862745098039216,12.75,4.588235294117647,7,51.23492647058825,4,0.43,0,1,0,16,8,6,0
273,210024,58,0.603448275862069,58.0,4.431034482758621,2,19.606379310344835,4,0.46,0,1,0,8,15,5,0
274,21067,81,0.5679012345679012,81.0,3.8395061728395063,8,13.90888888888891,2,0.56,0,1,0,16,21,4,0
275,210746,102,0.5098039215686274,20.4,3.9411764705882355,7,80.79370588235297,16,0.67,0,0,0,15,22,6,0
276,211006,88,0.5909090909090909,88.0,3.75,0,11.765000000000015,7,0.5,0,1,0,12,20,7,0
277,211112,6,0.5,6.0,3.3333333333333335,1,87.94500000000002,0,0.05,0,0,0,2,1,0,0
278,211444,8,0.625,8.0,5.0,0,29.515000000000015,1,0.08,0,0,0,1,3,1,0
279,212109,38,0.631578947368421,19.0,4.394736842105263,3,56.19736842105266,4,0.32,0,0,0,12,8,3,0
280,212731,69,0.5652173913043478,17.25,3.6666666666666665,1,86.33494565217393,10,0.55,0,0,1,17,12,4,1
281,212783,114,0.5877192982456141,12.666666666666666,4.517543859649122,9,60.39938596491231,16,0.8,1,1,0,32,14,11,1
282,212869,140,0.6142857142857143,28.0,4.385714285714286,6,50.3064285714286,12,0.66,0,1,1,30,34,10,0
283,213055,31,0.6774193548387096,31.0,3.7419354838709675,3,58.021612903225815,4,0.26,0,0,0,10,6,4,0
284,213105,25,0.6,25.0,4.28,1,52.86800000000002,2,0.22,0,0,0,5,8,1,1
285,213415,47,0.6808510638297872,11.75,4.191489361702128,1,70.70875000000001,4,0.36,0,1,1,8,13,4,1
286,213661,74,0.6891891891891891,9.25,3.108108108108108,2,115.13273648648651,16,0.37,0,1,0,15,21,5,0
287,213875,143,0.5734265734265734,14.3,4.2027972027972025,10,78.14008041958044,14,0.66,0,1,0,26,40,6,0
288,214769,79,0.6075949367088608,26.333333333333332,3.6962025316455698,5,74.08894514767935,7,0.59,0,1,1,18,16,7,0
289,214771,90,0.6555555555555556,90.0,4.666666666666667,3,-20.81499999999997,5,0.6,0,1,0,21,14,17,0
290,214836,82,0.5487804878048781,82.0,4.597560975609756,3,-9.48524390243901,8,0.59,0,0,0,21,10,11,0
291,215493,142,0.6197183098591549,23.666666666666668,4.21830985915493,4,54.12600938967137,18,0.8,0,0,0,38,25,16,0
292,215556,185,0.5891891891891892,14.23076923076923,4.681081081081081,6,55.658877338877375,30,0.75,1,1,0,48,31,15,0
293,21619,184,0.5706521739130435,8.0,3.489130434782609,9,97.10304347826089,28,0.73,0,1,1,35,39,9,0
294,21643,915,0.5759562841530055,61.0,4.255737704918033,25,27.127213114754113,79,0.71,0,1,1,153,219,61,0
295,21648,18,0.6111111111111112,9.0,3.7222222222222223,0,80.20000000000003,4,0.13,1,0,0,4,5,1,0
296,216593,32,0.78125,16.0,3.875,1,55.763750000000016,6,0.22,0,0,0,11,10,4,0
297,216612,23,0.5217391304347826,23.0,3.6956521739130435,2,84.17695652173914,1,0.18,0,0,0,4,3,1,0
298,21685,51,0.5882352941176471,8.5,3.3529411764705883,1,97.01926470588238,7,0.37,0,1,1,5,13,4,0
299,21719,3,1.0,3.0,12.0,0,203.79000000000002,0,0.03,0,0,0,2,0,1,0
300,217532,8,0.875,8.0,4.625,2,82.39000000000001,0,0.08,0,0,0,4,2,1,1
301,217969,61,0.5901639344262295,8.714285714285714,3.80327868852459,3,84.2654098360656,9,0.44,0,0,1,9,15,4,0
302,21847,24,0.75,24.0,4.166666666666667,2,41.47500000000002,6,0.18,0,0,0,12,4,1,0
303,219167,49,0.6122448979591837,49.0,4.3061224489795915,4,31.063265306122474,4,0.41,0,0,0,11,10,4,0
304,21920,95,0.5263157894736842,13.571428571428571,3.6526315789473682,2,84.41578947368421,10,0.66,0,1,0,19,20,5,0
305,219318,243,0.6337448559670782,17.357142857142858,5.226337448559671,22,48.56564814814817,35,0.88,0,1,0,72,43,23,0
306,219333,69,0.5362318840579711,13.8,4.971014492753623,4,50.60191304347828,5,0.51,1,1,0,16,11,6,0
307,219613,49,0.4897959183673469,49.0,3.5306122448979593,0,60.414285714285754,3,0.39,1,0,0,5,11,5,0
308,219733,134,0.6343283582089553,33.5,4.2835820895522385,7,50.351902985074645,16,0.77,0,1,1,25,36,10,0
309,219779,178,0.5898876404494382,12.714285714285714,3.893258426966292,7,84.61539325842698,22,0.8,0,1,1,29,40,12,1
310,219993,233,0.5536480686695279,38.833333333333336,4.274678111587983,18,39.61144134477827,33,0.81,0,1,0,41,55,20,0
311,220091,163,0.5644171779141104,27.166666666666668,4.644171779141105,9,38.606845603272006,14,0.7,0,1,0,47,24,14,0
312,220225,5,0.6,5.0,3.6,0,100.24000000000002,0,0.05,0,0,0,1,2,0,0
313,220790,167,0.5508982035928144,27.833333333333332,4.748502994011976,8,36.23326846307387,18,0.82,1,1,1,43,30,12,0
314,220800,136,0.5955882352941176,10.461538461538462,3.875,6,82.37977375565612,17,0.79,0,0,0,34,26,9,1
315,220907,59,0.7457627118644068,59.0,5.186440677966102,8,-9.344915254237264,4,0.5,1,0,0,16,16,8,1
316,221202,7,0.42857142857142855,7.0,2.4285714285714284,0,103.04428571428575,1,0.05,0,0,0,0,2,1,0
317,221270,17,0.5882352941176471,17.0,3.588235294117647,1,85.07411764705884,1,0.14,0,0,1,4,2,4,0
318,221660,366,0.5273224043715847,21.529411764705884,4.092896174863388,17,73.8006798457088,40,0.82,0,1,0,69,65,26,0
319,222033,19,0.631578947368421,19.0,3.473684210526316,0,80.68684210526318,2,0.15,0,1,0,3,5,1,0
320,222142,203,0.6650246305418719,25.375,5.211822660098522,15,32.300064655172434,15,0.65,0,0,1,74,39,6,0
321,222343,20,0.8,10.0,5.3,2,40.17500000000001,5,0.13,0,1,0,6,4,5,1
322,223202,72,0.4583333333333333,72.0,3.7222222222222223,4,28.004999999999995,1,0.45,0,1,0,11,18,3,0
323,223248,4,0.75,4.0,4.0,0,118.17500000000001,1,0.04,0,0,0,1,1,0,0
324,223459,139,0.5971223021582733,17.375,4.107913669064748,6,72.34182104316547,14,0.76,0,1,0,23,33,15,0
325,223492,450,0.56,18.0,4.82,15,52.265000000000015,46,0.66,1,1,0,99,88,38,0
326,22378,51,0.6078431372549019,10.2,3.8627450980392157,1,82.02317647058824,9,0.43,0,0,0,12,12,2,0
327,224545,81,0.6172839506172839,10.125,4.209876543209877,6,85.84701388888891,10,0.58,0,1,1,21,14,8,1
328,224639,19,0.6842105263157895,19.0,4.105263157894737,0,71.78157894736843,2,0.15,0,0,0,4,5,2,0
329,22568,102,0.6372549019607843,51.0,4.696078431372549,3,18.21705882352944,6,0.74,0,0,0,22,21,15,0
330,225884,18,0.6666666666666666,18.0,3.888888888888889,1,71.06500000000001,4,0.16,0,1,0,4,5,1,0
331,22615,48,0.6666666666666666,16.0,5.791666666666667,2,39.02000000000001,13,0.33,0,0,0,19,9,2,1
332,226521,138,0.5507246376811594,46.0,3.9347826086956523,5,57.7667391304348,13,0.68,0,0,0,32,20,10,0
333,226582,542,0.5498154981549815,31.88235294117647,3.677121771217712,28,68.33419036249188,75,0.77,0,1,0,120,107,34,0
334,226644,172,0.622093023255814,11.466666666666667,4.127906976744186,5,73.21493798449615,24,0.68,0,1,1,58,32,12,0
335,226953,44,0.7045454545454546,44.0,4.409090909090909,4,23.738636363636374,4,0.35,0,0,0,10,7,9,0
336,227270,20,0.6,10.0,3.65,1,82.47500000000001,1,0.15,0,0,0,6,5,1,0
337,227322,10,0.5,10.0,3.1,0,112.08500000000001,2,0.1,0,0,0,1,3,1,0
338,22779,103,0.5436893203883495,14.714285714285714,4.368932038834951,3,68.69611650485439,9,0.71,0,1,1,17,23,7,0
339,228023,30,0.7333333333333333,30.0,3.8333333333333335,1,69.22500000000004,5,0.26,0,0,0,6,9,5,0
340,228112,28,0.6071428571428571,7.0,4.964285714285714,5,48.65857142857146,4,0.25,0,0,0,11,5,0,0
341,228474,157,0.5605095541401274,17.444444444444443,4.286624203821656,5,71.6588251946214,21,0.76,0,1,1,35,30,12,0
342,229060,71,0.6197183098591549,71.0,4.323943661971831,6,9.657323943661993,3,0.6,0,0,1,16,14,5,0
343,229126,79,0.6075949367088608,19.75,4.89873417721519,4,47.573560126582294,7,0.64,0,1,0,20,12,10,0
344,229769,93,0.6881720430107527,6.2,4.075268817204301,6,81.37425806451613,25,0.74,1,1,1,33,17,7,1
345,229927,471,0.6072186836518046,22.428571428571427,4.8195329087048835,21,49.35662420382167,49,0.69,0,1,0,124,79,42,0
346,232896,410,0.5414634146341464,24.11764705882353,4.717073170731707,38,49.05900286944049,22,0.69,1,1,0,105,77,29,0
347,233219,64,0.578125,32.0,3.515625,5,67.28312500000003,6,0.48,0,0,0,10,18,4,0
348,233290,54,0.5925925925925926,13.5,4.2407407407407405,2,67.79916666666671,6,0.4,0,0,0,15,7,7,0
349,233401,428,0.5934579439252337,15.285714285714286,4.759345794392523,33,54.33915887850472,46,0.76,0,1,0,122,76,34,1
350,23364,89,0.6404494382022472,44.5,4.247191011235955,2,39.99558988764048,10,0.66,0,0,1,22,16,11,1
351,233838,61,0.5901639344262295,15.25,4.229508196721311,5,73.47100409836068,5,0.49,0,0,0,19,11,3,1
352,234080,49,0.5714285714285714,24.5,3.938775510204082,1,57.65729591836735,4,0.38,0,1,1,11,9,4,0
353,234256,21,0.6190476190476191,10.5,4.333333333333333,0,71.29178571428572,3,0.2,0,0,0,6,4,1,0
354,23465,181,0.6574585635359116,22.625,4.475138121546961,6,56.73692334254147,42,0.85,0,1,0,44,46,13,1
355,235058,78,0.5128205128205128,15.6,4.576923076923077,3,45.662538461538475,17,0.47,0,1,0,23,7,6,0
356,235121,29,0.6896551724137931,29.0,4.344827586206897,3,66.5448275862069,0,0.24,0,0,0,4,9,4,1
357,23520,70,0.5714285714285714,10.0,4.257142857142857,5,86.70500000000001,11,0.53,0,0,0,18,13,5,0
358,235265,28,0.6428571428571429,28.0,4.285714285714286,4,42.4507142857143,1,0.23,0,1,0,5,9,2,1
359,23537,46,0.6086956521739131,46.0,4.717391304347826,4,16.69282608695653,3,0.35,1,1,0,9,12,3,0
360,235724,40,0.65,20.0,3.4,2,74.44000000000004,2,0.33,0,1,0,10,7,4,1
361,236395,57,0.5964912280701754,19.0,4.192982456140351,1,70.29736842105264,3,0.46,0,0,0,12,11,4,0
362,236832,127,0.4409448818897638,21.166666666666668,3.393700787401575,3,82.09886482939635,9,0.57,0,1,0,23,21,3,0
363,237252,65,0.46153846153846156,13.0,3.6615384615384614,3,84.31076923076925,12,0.45,0,0,1,11,13,4,0
364,237460,19,0.7894736842105263,19.0,3.8421052631578947,0,71.78157894736843,4,0.13,0,0,0,5,5,2,0
365,237700,41,0.6829268292682927,10.25,4.073170731707317,3,72.62637195121953,5,0.33,0,1,0,7,11,5,1
366,238243,78,0.5384615384615384,19.5,3.4615384615384617,4,81.83480769230772,8,0.57,0,1,0,13,22,3,0
367,23940,54,0.5,54.0,3.9814814814814814,1,29.825000000000017,10,0.45,0,1,0,9,13,3,0
368,23988,65,0.676923076923077,21.666666666666668,3.7384615384615385,1,72.91102564102565,7,0.49,0,0,1,18,13,10,0
369,240204,311,0.5562700964630225,22.214285714285715,4.276527331189711,14,62.69200160771706,32,0.72,0,1,0,72,41,38,0
370,240487,1,1.0,1.0,66.0,0,205.82000000000002,0,0.01,0,0,0,1,0,0,0
371,240937,105,0.6,105.0,5.180952380952381,5,-63.29999999999998,7,0.67,0,0,0,37,18,5,0
372,241479,88,0.4431818181818182,44.0,3.4545454545454546,3,62.19318181818183,6,0.5,0,1,0,18,18,3,0
373,241500,133,0.5714285714285714,13.3,3.6390977443609023,2,85.83625187969925,14,0.72,0,0,1,22,32,9,0
374,241510,83,0.7710843373493976,83.0,5.120481927710843,23,-52.72566265060239,11,0.63,0,1,0,42,10,8,0
375,241545,27,0.6666666666666666,27.0,4.148148148148148,3,57.23000000000002,2,0.2,0,0,0,8,6,1,0
376,241922,218,0.5596330275229358,24.22222222222222,4.36697247706422,8,49.140270132517855,20,0.71,0,1,1,54,41,18,0
377,242045,62,0.6129032258064516,31.0,3.967741935483871,6,60.750645161290336,8,0.49,1,0,0,11,13,6,0
378,242076,113,0.6991150442477876,11.3,3.769911504424779,7,89.80266814159293,33,0.63,1,0,0,44,18,16,1
379,242551,148,0.5743243243243243,148.0,4.445945945945946,13,-72.57148648648646,9,0.76,0,1,1,29,34,12,0
380,243572,55,0.5636363636363636,27.5,6.381818181818182,5,40.486136363636376,5,0.42,0,0,0,18,8,4,0
381,24370,140,0.6214285714285714,46.666666666666664,4.75,1,26.52547619047624,11,0.74,1,1,0,21,37,14,0
382,243708,371,0.568733153638814,19.526315789473685,4.339622641509434,19,60.22980564619097,37,0.72,0,1,1,77,76,31,0
383,244087,386,0.6062176165803109,20.31578947368421,4.466321243523316,22,54.711883010635404,44,0.82,0,1,0,126,62,35,0
384,244096,103,0.5728155339805825,25.75,4.825242718446602,7,-0.00027912621357017997,6,0.66,0,1,0,24,20,11,0
385,244558,72,0.5833333333333334,8.0,3.9027777777777777,4,76.51500000000001,15,0.52,0,0,1,19,12,6,0
386,245191,414,0.5483091787439613,19.714285714285715,4.028985507246377,24,70.14239130434785,32,0.78,1,1,1,58,91,31,0
387,245293,223,0.5829596412556054,15.928571428571429,4.192825112107624,8,64.71593049327356,26,0.73,0,1,1,44,34,28,0
388,245348,76,0.4868421052631579,25.333333333333332,3.3815789473684212,2,90.95587719298246,6,0.53,0,0,1,16,10,5,0
389,246297,145,0.6,6.590909090909091,4.041379310344827,8,77.62108934169281,35,0.8,0,1,0,37,35,9,0
390,246656,78,0.5897435897435898,39.0,3.858974358974359,2,53.36538461538461,9,0.54,0,0,1,17,12,9,1
391,247040,184,0.5543478260869565,30.666666666666668,5.548913043478261,12,17.543115942029004,19,0.72,0,1,1,67,20,11,0
392,247264,78,0.6282051282051282,78.0,3.782051282051282,5,17.034230769230803,6,0.55,0,0,0,16,23,1,0
393,247327,3,1.0,3.0,8.666666666666666,3,203.79000000000002,0,0.03,0,0,0,2,0,1,0
394,247738,48,0.6041666666666666,12.0,4.083333333333333,2,76.56750000000001,6,0.39,0,1,0,10,13,5,0
395,248228,26,0.6923076923076923,13.0,3.6538461538461537,2,92.77076923076925,3,0.2,0,0,0,8,6,3,0
396,24866,71,0.5352112676056338,14.2,4.140845070422535,4,79.22481690140846,11,0.58,1,1,0,14,15,3,0
397,249631,128,0.6796875,128.0,4.8828125,56,-115.41781249999997,5,0.77,0,0,0,64,8,15,0
398,249819,141,0.6312056737588653,17.625,4.290780141843972,11,59.94562500000001,23,0.8,0,1,1,33,30,20,0
399,249897,103,0.6601941747572816,7.357142857142857,4.135922330097087,7,69.59274271844663,15,0.62,0,1,0,29,23,10,0
400,249919,55,0.5818181818181818,18.333333333333332,4.0,2,74.40121212121215,4,0.46,0,0,1,14,10,2,1
401,250296,97,0.6391752577319587,48.5,3.8556701030927836,5,52.94770618556703,4,0.6,0,1,0,16,26,11,0
402,250474,46,0.6304347826086957,46.0,4.195652173913044,1,36.92326086956524,0,0.37,0,0,0,10,8,7,0
403,250548,106,0.8301886792452831,106.0,4.867924528301887,47,-92.30216981132072,0,0.8,0,1,0,48,23,11,0
404,250582,44,0.6136363636363636,22.0,4.204545454545454,3,61.45045454545455,2,0.36,0,0,0,9,10,6,0
405,25148,34,0.5588235294117647,34.0,3.9411764705882355,1,67.81911764705885,4,0.3,0,0,0,7,6,2,1
406,251782,20,0.9,20.0,4.55,10,21.565000000000026,5,0.19,0,0,0,13,1,4,0
407,251867,93,0.6236559139784946,46.5,4.548387096774194,6,22.276209677419388,2,0.77,1,1,0,25,21,8,1
408,252471,97,0.5257731958762887,32.333333333333336,3.88659793814433,2,70.2290378006873,18,0.66,0,0,1,19,16,5,0
409,25265,88,0.6022727272727273,22.0,4.863636363636363,9,44.1459090909091,7,0.61,0,0,0,36,14,5,0
410,252711,2,1.0,2.0,6.0,1,35.60500000000002,0,0.02,0,0,0,2,0,0,0
411,253096,109,0.6422018348623854,36.333333333333336,4.715596330275229,10,31.802538226299703,15,0.82,0,1,1,30,22,11,0
412,253166,5,0.6,5.0,3.6,0,117.16000000000003,1,0.03,0,1,0,1,0,2,0
413,253195,26,0.5769230769230769,13.0,4.269230769230769,4,53.72461538461542,7,0.23,0,0,1,10,4,2,0
414,25366,131,0.5877862595419847,10.916666666666666,4.244274809160306,3,80.15611005089062,26,0.72,0,1,1,27,34,6,0
415,254618,7,0.7142857142857143,7.0,4.428571428571429,0,78.87285714285717,1,0.07,0,0,0,2,3,0,0
416,254749,46,0.6739130434782609,11.5,4.086956521739131,9,66.42336956521743,4,0.38,0,0,1,13,11,6,0
417,254754,52,0.6538461538461539,26.0,4.3076923076923075,3,60.05269230769234,6,0.36,0,0,1,12,12,8,0
418,255113,31,0.6129032258064516,6.2,4.548387096774194,1,61.36135483870967,5,0.28,0,0,0,10,7,2,0
419,255301,23,0.7391304347826086,11.5,5.217391304347826,3,48.032065217391334,4,0.22,0,0,0,8,6,2,1
420,255468,435,0.5632183908045977,33.46153846153846,4.751724137931035,17,33.427400530504,44,0.63,0,1,1,102,75,36,0
421,255605,139,0.6402877697841727,19.857142857142858,3.971223021582734,10,71.03971223021584,17,0.7,0,0,0,27,41,13,0
422,25648,127,0.5196850393700787,31.75,3.858267716535433,5,65.36150590551183,11,0.72,0,1,1,17,27,12,0
423,256497,107,0.5327102803738317,35.666666666666664,3.8598130841121496,5,62.313707165109065,7,0.7,0,1,0,18,24,8,1
424,25688,13,0.7692307692307693,13.0,5.230769230769231,1,24.440000000000026,4,0.12,0,0,0,6,4,0,1
425,257299,3,1.0,3.0,5.333333333333333,1,147.39000000000004,0,0.03,0,0,0,2,0,1,0
426,257791,47,0.574468085106383,11.75,3.8297872340425534,3,79.70875000000001,7,0.36,0,1,0,7,15,2,0
427,258313,52,0.5576923076923077,13.0,3.9615384615384617,2,73.24769230769233,6,0.36,0,0,1,15,8,3,0
428,258521,57,0.6140350877192983,28.5,3.8947368421052633,2,62.13907894736842,7,0.4,0,0,1,12,16,5,0
429,258541,72,0.6111111111111112,72.0,4.166666666666667,5,8.030000000000001,5,0.51,0,1,0,13,19,7,0
430,258602,308,0.6233766233766234,308.0,5.1980519480519485,19,-248.06681818181812,30,0.75,0,0,1,90,50,34,0
431,259439,9,0.7777777777777778,9.0,5.333333333333333,0,56.70000000000002,0,0.07,0,0,0,5,1,1,0
432,259472,54,0.6481481481481481,54.0,3.8333333333333335,1,50.19166666666668,8,0.43,0,0,0,16,11,4,0
433,259679,290,0.6413793103448275,13.181818181818182,4.703448275862069,13,64.22166144200628,42,0.72,1,1,0,79,56,38,0
434,260462,40,0.55,8.0,3.525,0,107.77000000000001,12,0.3,0,0,0,12,6,4,0
435,260973,62,0.5645161290322581,31.0,4.467741935483871,2,55.292580645161294,7,0.36,0,0,0,22,12,1,0
436,26125,122,0.5819672131147541,11.090909090909092,3.9262295081967213,3,80.46625186289123,20,0.72,0,1,0,32,23,9,0
437,262772,31,0.6451612903225806,31.0,3.4838709677419355,2,88.0409677419355,3,0.27,0,0,0,7,7,5,0
438,263249,19,0.631578947368421,19.0,3.6315789473684212,0,62.87631578947371,4,0.15,0,1,1,5,2,3,0
439,263451,41,0.6829268292682927,41.0,4.195121951219512,1,47.60536585365858,3,0.3,0,1,0,7,9,4,0
440,263918,54,0.6851851851851852,54.0,4.407407407407407,6,26.69166666666669,5,0.4,0,1,1,14,13,4,0
441,264055,57,0.5263157894736842,11.4,3.824561403508772,3,76.52715789473686,8,0.43,0,0,0,12,12,5,0
442,264110,168,0.6845238095238095,16.8,4.6726190476190474,41,47.27228571428574,29,0.8,0,1,0,75,23,15,0
443,264393,74,0.6351351351351351,24.666666666666668,4.148648648648648,3,65.18752252252256,10,0.51,1,1,1,13,19,11,0
444,264471,92,0.6195652173913043,23.0,4.423913043478261,10,65.78565217391306,7,0.67,0,0,1,21,22,8,0
445,264852,40,0.65,40.0,4.5,0,24.53000000000003,4,0.31,1,0,1,12,6,6,0
446,264895,74,0.6486486486486487,37.0,4.445945945945946,1,40.09351351351353,5,0.62,0,1,1,12,19,6,0
447,265099,36,0.6388888888888888,36.0,4.138888888888889,3,52.79500000000003,3,0.31,0,0,0,7,10,2,0
448,265756,14,0.5714285714285714,14.0,4.214285714285714,0,83.85357142857143,3,0.13,0,0,0,5,2,1,0
449,26602,73,0.5616438356164384,24.333333333333332,4.082191780821918,0,66.24625570776259,8,0.5,1,1,0,19,14,6,1
450,266095,95,0.5894736842105263,31.666666666666668,3.8,5,66.93964912280703,6,0.67,0,1,1,30,17,7,0
451,266589,187,0.5721925133689839,17.0,4.235294117647059,2,67.43026737967917,27,0.66,0,1,1,34,31,21,0
452,26694,36,0.6944444444444444,36.0,5.083333333333333,0,38.69500000000002,4,0.29,0,0,0,6,14,3,1
453,26780,90,0.5888888888888889,9.0,4.022222222222222,4,75.50000000000003,16,0.67,1,1,1,22,19,5,1
454,26834,75,0.72,7.5,3.64,5,78.5265,19,0.56,0,1,1,21,17,7,1
455,26855,41,0.5609756097560976,10.25,3.5365853658536586,2,91.1971036585366,5,0.29,1,1,0,9,11,1,1
456,268795,83,0.5180722891566265,16.6,4.096385542168675,5,72.76913253012052,8,0.46,0,0,0,19,17,6,1
457,268988,153,0.6078431372549019,12.75,4.8431372549019605,7,51.23492647058825,19,0.68,0,1,0,42,26,18,0
458,269869,179,0.5865921787709497,12.785714285714286,3.983240223463687,9,73.33794692737433,18,0.74,0,1,0,39,30,21,0
459,270131,66,0.5909090909090909,13.2,4.03030303030303,1,78.07336363636367,10,0.47,0,1,0,11,15,7,0
460,270546,95,0.6631578947368421,31.666666666666668,4.410526315789474,4,41.11438596491229,19,0.6,1,1,0,25,20,9,0
461,27175,30,0.7,30.0,4.366666666666666,1,38.20500000000004,4,0.26,1,0,0,6,9,3,1
462,272252,33,0.696969696969697,16.5,4.424242424242424,1,49.087500000000006,3,0.29,0,1,0,10,9,3,0
463,272935,75,0.5333333333333333,25.0,4.826666666666667,8,40.46000000000001,9,0.58,0,1,1,25,8,3,0
464,272946,60,0.5,30.0,3.433333333333333,0,72.04500000000002,6,0.41,0,0,0,6,13,5,0
465,273443,64,0.609375,32.0,4.421875,2,47.45500000000003,9,0.48,0,0,1,16,13,7,0
466,273772,63,0.5555555555555556,21.0,4.190476190476191,6,67.34857142857145,6,0.5,0,1,0,14,13,5,0
467,274140,117,0.5641025641025641,29.25,3.9316239316239314,4,67.23855769230771,5,0.65,0,0,1,30,25,8,1
468,274358,89,0.4943820224719101,9.88888888888889,3.6741573033707864,3,89.38429463171038,11,0.61,0,1,0,7,22,5,0
469,27533,148,0.6081081081081081,24.666666666666668,4.608108108108108,11,46.324009009009046,15,0.79,0,0,1,40,27,15,1
470,275740,891,0.5409652076318743,52.411764705882355,3.9753086419753085,32,39.792614379084995,66,0.7,1,1,1,127,209,67,0
471,27614,13,0.6153846153846154,13.0,4.153846153846154,0,43.963076923076954,1,0.12,0,0,1,5,2,1,1
472,277682,127,0.48031496062992124,31.75,3.7559055118110236,5,70.69063976377954,6,0.59,0,1,0,29,25,4,0
473,277914,205,0.5463414634146342,25.625,4.229268292682927,11,57.4334298780488,14,0.77,1,1,0,38,50,13,0
474,278162,129,0.5503875968992248,25.8,4.310077519379845,3,56.69916279069771,11,0.6,0,1,1,31,25,10,0
475,27926,73,0.6438356164383562,73.0,4.3561643835616435,3,5.260547945205488,4,0.55,0,0,0,15,18,7,1
476,279407,144,0.6180555555555556,12.0,3.8333333333333335,9,78.9175,17,0.74,0,1,0,28,32,12,1
477,27958,83,0.5542168674698795,41.5,4.530120481927711,5,36.283584337349424,5,0.62,0,0,0,17,17,9,1
478,280272,180,0.5666666666666667,90.0,4.0777777777777775,5,-11.414999999999978,14,0.69,0,1,0,46,30,15,0
479,28142,104,0.49038461538461536,20.8,3.8461538461538463,4,69.39800000000002,9,0.63,0,1,1,18,21,6,0
480,281814,43,0.5581395348837209,21.5,4.1395348837209305,2,57.12877906976746,5,0.36,1,0,0,6,10,7,0
481,28202,202,0.594059405940594,33.666666666666664,4.188118811881188,11,50.37026402640268,23,0.78,1,1,1,57,40,18,1
482,282024,7,1.0,7.0,5.142857142857143,5,42.61571428571432,2,0.09,0,0,0,4,0,2,0
483,282106,292,0.613013698630137,15.368421052631579,4.171232876712328,15,75.0559156452776,24,0.74,1,0,1,79,50,23,0
484,282692,80,0.6125,40.0,4.05,5,43.565000000000026,11,0.56,0,1,0,14,20,7,0
485,284021,33,0.6666666666666666,11.0,4.090909090909091,2,93.12454545454547,3,0.26,0,0,0,4,11,5,1
486,284872,129,0.5658914728682171,16.125,3.8449612403100777,8,82.914636627907,10,0.77,0,1,1,27,23,11,0
487,285613,27,0.5925925925925926,6.75,3.962962962962963,0,80.91708333333335,4,0.19,0,0,0,6,8,2,0
488,286030,69,0.6231884057971014,34.5,4.565217391304348,8,35.72184782608696,8,0.57,0,1,1,26,8,5,0
489,28695,65,0.7692307692307693,9.285714285714286,4.953846153846154,6,41.22538461538463,6,0.51,1,0,0,20,11,10,1
490,287122,36,0.6944444444444444,18.0,3.8333333333333335,1,92.215,3,0.31,0,0,0,10,7,6,0
491,287346,27,0.7037037037037037,27.0,3.6666666666666665,1,72.89666666666668,3,0.24,0,0,1,5,7,5,0
492,287442,148,0.5743243243243243,37.0,3.75,5,62.38675675675675,7,0.67,0,1,1,23,29,13,0
493,287579,21,0.6190476190476191,21.0,4.190476190476191,0,44.52000000000001,3,0.18,0,0,0,5,3,3,0
494,287702,21,0.7142857142857143,21.0,4.9523809523809526,2,36.46285714285716,1,0.18,0,0,0,5,2,7,1
495,288109,43,0.7674418604651163,43.0,4.069767441860465,5,37.27372093023257,2,0.36,0,0,1,12,12,8,0
496,288468,44,0.45454545454545453,44.0,3.8181818181818183,4,60.270454545454555,2,0.36,0,0,0,7,9,3,0
497,289059,124,0.5483870967741935,12.4,3.8306451612903225,6,81.67641935483874,23,0.74,1,1,1,25,24,5,0
498,289120,88,0.5681818181818182,22.0,3.9204545454545454,4,84.52318181818181,10,0.58,0,1,0,19,19,11,1
499,290074,27,0.8148148148148148,27.0,4.7407407407407405,10,0.8300000000000125,4,0.26,0,0,0,18,1,3,0
500,29359,152,0.5526315789473685,12.666666666666666,4.105263157894737,11,73.200701754386,15,0.7,1,0,0,24,30,18,1
501,29556,63,0.5873015873015873,63.0,7.666666666666667,2,11.29000000000002,2,0.44,0,0,0,16,16,2,1
502,29695,156,0.5448717948717948,13.0,3.6538461538461537,6,91.68615384615387,16,0.66,0,1,1,29,34,12,0
503,30022,50,0.54,16.666666666666668,4.12,0,71.47833333333337,8,0.39,0,1,0,8,11,6,1
504,30468,48,0.625,16.0,4.145833333333333,1,67.22000000000001,6,0.29,0,0,1,12,11,7,1
505,30490,122,0.6065573770491803,61.0,4.540983606557377,9,29.808524590163955,19,0.8,0,1,1,32,21,14,1
506,30918,38,0.6052631578947368,38.0,4.078947368421052,2,50.270263157894775,1,0.34,0,0,1,6,9,6,0
507,30926,62,0.5806451612903226,31.0,4.112903225806452,6,47.10548387096776,4,0.44,0,1,1,15,11,6,0
508,30931,215,0.7441860465116279,71.66666666666667,4.618604651162791,44,25.097054263565923,16,0.83,0,1,1,107,30,18,1
509,31164,127,0.44881889763779526,127.0,3.4330708661417324,3,-19.992834645669276,10,0.67,0,1,1,18,26,2,0
510,31239,102,0.6176470588235294,25.5,3.7058823529411766,4,76.44661764705884,9,0.69,0,1,1,16,27,7,0
511,31539,74,0.6351351351351351,12.333333333333334,6.675675675675675,5,60.5572072072072,11,0.54,1,0,1,19,16,10,1
512,31544,74,0.5675675675675675,37.0,4.0675675675675675,2,45.80972972972974,6,0.55,0,0,0,19,13,5,1
513,31622,111,0.5855855855855856,111.0,4.081081081081081,5,-18.629999999999967,13,0.68,0,1,0,20,24,9,0
514,31974,58,0.5344827586206896,9.666666666666666,4.051724137931035,2,80.33367816091955,7,0.4,0,0,0,10,13,7,0
515,32161,39,0.6410256410256411,39.0,4.0,0,37.09615384615384,3,0.31,0,0,0,6,12,6,1
516,32390,47,0.5957446808510638,23.5,4.0638297872340425,4,67.78250000000003,4,0.32,0,0,1,15,8,3,1
517,32967,250,0.544,22.727272727272727,4.076,10,63.634818181818204,33,0.64,1,1,1,49,54,21,0
518,33603,50,0.74,10.0,3.62,2,93.47300000000001,7,0.4,0,1,0,18,13,3,0
519,33831,17,0.5882352941176471,17.0,4.470588235294118,2,60.19176470588238,1,0.15,0,0,0,4,5,0,1
520,33864,101,0.5445544554455446,12.625,3.9306930693069306,5,81.77904084158416,14,0.6,1,0,0,26,18,9,1
521,33882,40,0.675,20.0,4.7,1,49.06000000000003,5,0.33,0,0,0,13,10,2,1
522,34154,130,0.7307692307692307,18.571428571428573,3.792307692307692,38,115.74961538461541,13,0.77,0,0,1,65,14,12,1
523,34177,63,0.7142857142857143,63.0,4.444444444444445,8,4.5757142857143265,3,0.46,0,1,1,13,17,6,0
524,34292,7,0.5714285714285714,7.0,4.0,0,103.04428571428575,0,0.07,0,0,0,1,2,1,1
525,34640,114,0.6052631578947368,57.0,4.464912280701754,4,8.722105263157914,4,0.71,1,1,0,28,31,9,1
526,35209,217,0.695852534562212,217.0,7.15668202764977,23,-141.6845161290322,7,0.81,0,1,1,49,52,22,0
527,35263,140,0.4785714285714286,70.0,3.942857142857143,7,20.3664285714286,21,0.67,1,1,1,36,19,8,0
528,35386,175,0.5771428571428572,21.875,4.525714285714286,17,55.556446428571434,30,0.79,0,1,1,57,20,9,0
529,35417,100,0.58,33.333333333333336,3.72,2,63.021666666666675,11,0.69,0,1,0,16,24,8,0
530,36422,70,0.6714285714285714,70.0,4.357142857142857,3,2.8421428571429033,4,0.51,0,1,0,18,14,10,0
531,36917,78,0.6282051282051282,19.5,4.782051282051282,4,48.2117307692308,9,0.62,0,0,0,18,18,7,1
532,37589,128,0.7421875,128.0,4.7578125,28,-72.45687499999997,12,0.81,0,1,1,62,19,12,0
533,37938,267,0.5468164794007491,14.052631578947368,4.108614232209738,14,70.8996688350089,35,0.77,1,1,0,61,56,13,0
534,38063,191,0.5602094240837696,15.916666666666666,4.136125654450262,17,61.343457678883084,31,0.74,0,1,0,61,32,5,1
535,38463,56,0.6071428571428571,7.0,3.482142857142857,5,98.51214285714289,13,0.45,0,0,1,10,13,3,1
536,39167,8,0.625,8.0,3.0,0,114.11500000000001,0,0.07,0,0,0,1,2,2,0
537,39203,94,0.5106382978723404,23.5,3.925531914893617,3,74.98250000000002,10,0.71,0,1,1,18,17,7,0
538,39368,48,0.6875,48.0,4.541666666666667,8,32.977500000000006,2,0.4,0,0,0,8,12,9,0
539,39822,77,0.5324675324675324,19.25,3.909090909090909,5,82.91962662337664,7,0.56,0,0,0,15,15,9,0
540,39887,228,0.5877192982456141,14.25,4.530701754385965,8,59.90546052631581,32,0.72,0,0,0,56,42,22,0
541,40451,188,0.7074468085106383,12.533333333333333,4.48936170212766,35,47.86366666666669,24,0.69,1,1,1,76,28,23,0
542,41026,155,0.567741935483871,7.045454545454546,4.006451612903226,6,95.43483137829914,32,0.79,0,1,1,36,32,6,1
543,41117,867,0.635524798154556,66.6923076923077,4.251441753171857,111,15.70632153313818,107,0.77,0,1,1,313,133,74,0
544,41264,43,0.6976744186046512,43.0,4.441860465116279,1,21.53418604651162,5,0.36,0,0,0,14,11,3,1
545,41442,28,0.7142857142857143,28.0,4.642857142857143,0,42.4507142857143,4,0.22,0,0,0,7,8,3,1
546,41676,112,0.5803571428571429,22.4,4.044642857142857,7,66.26328571428574,12,0.66,0,0,0,15,21,17,0
547,41856,18,0.5555555555555556,18.0,4.388888888888889,1,89.865,1,0.11,0,0,0,6,3,0,1
548,42274,378,0.5264550264550265,25.2,3.732804232804233,55,64.6522380952381,52,0.62,1,1,0,126,29,33,0
549,42295,34,0.6470588235294118,6.8,4.117647058823529,1,75.52123529411767,14,0.29,0,0,0,9,6,5,1
550,42508,29,0.6896551724137931,29.0,4.793103448275862,4,22.786206896551732,3,0.26,0,0,0,9,8,2,0
551,43220,199,0.5728643216080402,49.75,5.0201005025125625,16,14.77191582914574,23,0.66,0,1,1,73,23,14,0
552,43391,17,0.7058823529411765,17.0,5.823529411764706,0,25.35647058823531,2,0.14,0,0,0,2,4,3,0
553,43428,39,0.7948717948717948,13.0,4.846153846153846,2,37.455384615384645,6,0.32,0,0,0,13,9,5,1
554,43976,62,0.6290322580645161,15.5,4.32258064516129,2,60.10895161290327,5,0.42,0,0,0,16,11,6,1
555,44334,49,0.6530612244897959,24.5,4.326530612244898,2,52.47770408163268,18,0.3,0,1,0,15,10,7,1
556,44484,217,0.5391705069124424,21.7,3.8202764976958523,9,78.3772419354839,29,0.78,0,1,0,42,38,18,0
557,44755,35,0.6857142857142857,35.0,4.6571428571428575,2,26.28142857142859,3,0.27,0,0,1,6,10,5,1
558,44884,39,0.6153846153846154,5.571428571428571,3.948717948717949,0,88.38000000000002,16,0.26,0,0,0,7,9,3,0
559,45290,122,0.6311475409836066,24.4,4.754098360655738,7,48.92801639344265,16,0.83,1,0,1,34,21,11,1
560,45354,168,0.6190476190476191,9.333333333333334,4.595238095238095,7,57.87238095238098,33,0.73,1,1,0,34,33,20,1
561,45429,296,0.6013513513513513,14.095238095238095,3.7263513513513513,61,81.91954954954956,28,0.76,1,1,1,110,32,28,1
562,46217,302,0.5728476821192053,13.727272727272727,4.208609271523179,21,66.84221553281157,34,0.76,1,1,1,84,45,29,1
563,46298,114,0.543859649122807,14.25,3.763157894736842,4,78.82914473684212,13,0.7,1,1,1,26,25,6,0
564,46381,26,0.6923076923076923,8.666666666666666,5.115384615384615,0,45.10756410256414,8,0.2,0,0,0,8,7,3,1
565,46694,351,0.4985754985754986,18.473684210526315,4.3076923076923075,24,67.81241565452096,40,0.82,0,1,1,71,65,19,0
566,47683,219,0.4748858447488584,27.375,4.063926940639269,6,62.77266267123288,19,0.69,0,1,1,40,39,18,0
567,47748,174,0.5919540229885057,174.0,5.580459770114943,15,-136.54396551724133,17,0.81,0,0,0,50,26,19,0
568,48046,98,0.6224489795918368,19.6,3.683673469387755,5,82.48589795918369,8,0.63,0,1,0,19,23,8,0
569,48083,199,0.5678391959798995,39.8,4.527638190954774,14,34.649055276381915,14,0.55,0,1,1,64,31,9,0
570,48312,54,0.5370370370370371,27.0,4.203703703703703,5,57.23000000000002,2,0.43,0,0,1,15,10,2,0
571,48513,46,0.6086956521739131,46.0,4.413043478260869,7,35.08413043478264,4,0.41,0,0,1,10,9,3,0
572,48833,517,0.5880077369439072,172.33333333333334,4.868471953578337,29,-112.73787878787874,27,0.71,1,1,1,116,98,57,0
573,49401,111,0.6216216216216216,11.1,3.9279279279279278,3,67.52525675675676,18,0.65,0,0,0,27,26,9,1
574,49702,73,0.6301369863013698,24.333333333333332,3.7945205479452055,7,68.56406392694066,3,0.49,0,0,1,15,16,5,1
575,50201,52,0.5576923076923077,26.0,5.576923076923077,2,64.93346153846157,6,0.39,0,0,0,9,12,5,0
576,50279,120,0.575,120.0,5.025,11,-63.71999999999997,9,0.78,0,0,1,26,26,9,0
577,50402,45,0.5777777777777777,11.25,3.8666666666666667,2,82.61625000000004,4,0.29,0,1,0,7,12,4,1
578,50481,223,0.672645739910314,55.75,4.219730941704036,12,22.400319506726504,9,0.76,0,1,1,50,54,19,0
579,50803,38,0.631578947368421,38.0,4.2368421052631575,0,50.270263157894775,1,0.31,0,0,1,7,9,8,0
580,50868,77,0.6233766233766234,19.25,5.35064935064935,7,34.57676948051949,8,0.64,1,1,0,20,15,12,1
581,51262,67,0.6567164179104478,33.5,3.925373134328358,3,50.351902985074645,3,0.46,0,0,1,18,13,6,1
582,51547,63,0.6349206349206349,63.0,5.761904761904762,0,1.8900000000000148,5,0.45,0,1,0,15,15,3,1
583,51830,47,0.5957446808510638,9.4,4.191489361702128,1,69.49400000000001,6,0.36,1,0,1,9,12,3,1
584,51893,157,0.6050955414012739,157.0,4.2993630573248405,4,-78.6117197452229,10,0.74,1,0,0,30,27,17,0
585,52233,304,0.5493421052631579,43.42857142857143,4.990131578947368,19,17.76618421052632,29,0.73,0,1,1,88,41,26,0
586,52269,53,0.5283018867924528,26.5,4.018867924528302,3,60.22051886792454,6,0.38,1,0,0,7,10,4,0
587,52616,46,0.6521739130434783,46.0,3.9782608695652173,4,47.95804347826089,5,0.37,1,1,1,6,12,7,0
588,52649,224,0.5401785714285714,16.0,3.8839285714285716,13,83.33428571428573,27,0.73,0,1,0,42,56,11,1
589,52668,26,0.7307692307692307,26.0,4.615384615384615,4,40.529615384615425,0,0.23,0,0,0,9,5,2,1
590,52692,96,0.4895833333333333,13.714285714285714,3.71875,2,94.21500000000002,12,0.73,0,1,0,15,20,6,0
591,53156,149,0.5838926174496645,16.555555555555557,4.201342281879195,13,67.38950037285612,15,0.72,0,1,0,33,39,7,1
592,53254,51,0.6274509803921569,25.5,3.784313725490196,2,71.47014705882354,5,0.35,0,0,0,6,17,5,1
593,53448,17,0.5294117647058824,8.5,2.764705882352941,0,133.5133823529412,3,0.11,0,1,0,1,6,0,0
594,53986,56,0.6785714285714286,56.0,5.303571428571429,3,-17.694285714285712,4,0.47,1,1,0,16,11,9,1
595,54453,43,0.6046511627906976,21.5,4.465116279069767,2,70.90087209302328,2,0.37,0,0,1,10,10,4,1
596,54519,97,0.5154639175257731,13.857142857142858,4.257731958762887,3,63.68958762886601,14,0.66,0,1,0,18,22,5,0
597,55031,75,0.6,75.0,4.32,1,-4.649999999999949,9,0.52,0,0,0,17,19,5,1
598,55053,131,0.5801526717557252,11.909090909090908,4.122137404580153,10,74.6281887578071,17,0.75,1,1,0,24,27,15,1
599,55059,37,0.6756756756756757,37.0,5.135135135135135,0,0.0800000000000125,5,0.29,0,0,0,9,10,2,1
600,5539,212,0.5943396226415094,106.0,4.495283018867925,12,-28.852169811320735,13,0.66,0,1,0,53,45,14,0
601,55462,140,0.5928571428571429,140.0,4.264285714285714,3,-59.74785714285713,9,0.74,1,1,1,27,31,16,0
602,55886,75,0.48,15.0,3.72,0,83.32200000000002,11,0.5,0,1,0,13,16,2,1
603,56013,28,0.75,28.0,4.607142857142857,1,42.4507142857143,4,0.26,0,0,0,12,4,3,1
604,56153,69,0.6811594202898551,11.5,4.463768115942029,1,65.1972826086957,10,0.54,0,0,0,18,14,8,1
605,56201,83,0.5301204819277109,41.5,4.855421686746988,9,31.187198795180734,5,0.61,0,1,0,16,17,5,1
606,56478,61,0.7213114754098361,30.5,4.655737704918033,3,28.867663934426247,13,0.39,1,0,0,23,12,7,1
607,56774,63,0.5714285714285714,63.0,3.9206349206349205,3,35.4614285714286,1,0.46,0,0,0,11,15,8,0
608,56775,67,0.5970149253731343,22.333333333333332,4.268656716417911,2,62.9487562189055,3,0.55,0,0,0,15,14,6,1
609,57159,58,0.7758620689655172,29.0,5.120689655172414,5,21.32758620689657,7,0.54,0,1,0,18,13,11,1
610,57427,63,0.7777777777777778,31.5,4.444444444444445,4,51.31964285714288,5,0.41,0,0,0,18,14,11,1
611,57453,95,0.6947368421052632,11.875,3.873684210526316,2,87.91871710526318,15,0.64,1,1,1,25,21,7,1
612,57472,36,0.6111111111111112,36.0,3.861111111111111,1,55.145000000000024,4,0.25,1,0,1,8,7,5,0
613,57993,65,0.5538461538461539,65.0,4.2153846153846155,4,15.912307692307706,1,0.44,0,0,0,16,13,5,1
614,58039,70,0.5857142857142857,11.666666666666666,4.071428571428571,4,76.55333333333336,11,0.53,1,1,1,12,13,9,0
615,58137,155,0.5032258064516129,17.22222222222222,4.464516129032258,9,58.3608960573477,14,0.68,0,1,0,33,24,12,0
616,58473,304,0.618421052631579,30.4,4.4605263157894735,63,42.956631578947395,49,0.8,0,1,0,125,32,41,0
617,58560,62,0.5483870967741935,12.4,3.370967741935484,0,91.91029032258068,8,0.47,0,0,1,13,9,2,0
618,59240,46,0.6086956521739131,9.2,3.6956521739130435,1,90.82743478260872,9,0.33,0,1,1,10,10,5,1
619,59493,10,0.6,10.0,4.8,1,61.32500000000002,1,0.1,0,0,0,2,3,1,1
620,59509,10,1.0,10.0,4.4,7,196.685,0,0.1,0,0,0,9,0,1,1
621,60017,106,0.6886792452830188,13.25,4.443396226415095,25,37.75417452830192,20,0.78,0,0,0,50,13,8,0
622,60692,484,0.6322314049586777,32.266666666666666,4.93801652892562,33,28.83102754820939,92,0.78,1,1,1,168,90,35,1
623,60991,64,0.640625,16.0,5.15625,1,55.763750000000016,8,0.47,0,1,1,22,10,4,1
624,61092,37,0.5405405405405406,7.4,3.7837837837837838,1,75.85372972972975,10,0.31,0,1,0,6,7,5,1
625,61327,371,0.601078167115903,37.1,4.8975741239892185,29,16.62486118598386,50,0.73,0,1,0,128,55,30,0
626,61506,111,0.5675675675675675,37.0,5.153153153153153,9,15.32324324324324,13,0.79,0,1,0,35,14,5,0
627,61548,48,0.5208333333333334,48.0,3.625,2,40.02750000000002,4,0.35,0,0,1,11,11,1,1
628,61609,23,0.7391304347826086,11.5,4.3478260869565215,2,40.67554347826092,2,0.21,0,0,0,8,6,3,1
629,61769,50,0.64,25.0,3.72,2,57.94400000000002,5,0.33,0,0,0,10,15,6,1
630,61897,47,0.5106382978723404,23.5,3.6382978723404253,3,92.98250000000003,6,0.35,0,1,0,4,14,1,0
631,62227,589,0.5891341256366723,31.0,4.899830220713073,37,30.87492359932091,61,0.73,0,1,1,157,101,59,0
632,62279,115,0.5739130434782609,11.5,3.7130434782608694,4,89.22858695652177,14,0.77,0,0,1,27,20,8,0
633,6250,332,0.5512048192771084,23.714285714285715,4.328313253012048,19,55.355361445783146,53,0.76,1,1,1,91,52,30,0
634,62703,112,0.5357142857142857,14.0,3.794642857142857,7,83.09821428571429,10,0.68,0,1,1,29,18,8,0
635,63681,217,0.6451612903225806,27.125,4.622119815668203,16,56.10681163594474,23,0.78,1,1,0,36,51,28,0
636,63892,88,0.6590909090909091,12.571428571428571,3.7386363636363638,2,86.40227272727276,29,0.53,0,1,1,31,10,6,1
637,64281,58,0.5517241379310345,19.333333333333332,4.620689655172414,3,47.18408045977014,7,0.41,0,0,0,18,8,2,1
638,64441,190,0.5105263157894737,23.75,3.7736842105263158,6,75.86559210526319,28,0.74,0,0,0,25,38,17,0
639,64451,319,0.7210031347962382,63.8,3.774294670846395,41,26.183956112852712,44,0.83,0,1,0,136,53,36,0
640,65449,298,0.5838926174496645,29.8,4.953020134228188,26,29.815516778523516,24,0.67,0,0,1,86,58,16,0
641,65889,102,0.5588235294117647,34.0,4.245098039215686,8,51.230882352941194,9,0.66,0,0,0,31,16,6,1
642,65910,24,0.625,24.0,3.8333333333333335,0,62.62500000000003,3,0.2,0,0,0,7,6,0,1
643,66874,33,0.696969696969697,11.0,4.303030303030303,3,57.23363636363638,3,0.3,1,0,1,7,9,6,0
644,67155,13,0.5384615384615384,13.0,3.230769230769231,0,102.53230769230771,3,0.09,0,1,0,0,5,1,0
645,67543,313,0.5207667731629393,18.41176470588235,4.306709265175719,4,67.59881601202783,135,0.6,0,1,1,67,61,16,1
646,68119,203,0.5517241379310345,22.555555555555557,4.389162561576355,17,67.66820470717025,18,0.67,0,0,1,40,52,7,0
647,68166,65,0.6,13.0,4.3538461538461535,3,63.486153846153854,5,0.49,1,0,0,16,12,5,0
648,68962,125,0.608,62.5,4.624,6,16.15910000000001,1,0.77,1,1,1,31,26,10,0
649,69795,176,0.6022727272727273,35.2,4.125,8,53.82063636363637,19,0.72,0,1,0,35,39,17,0
650,69840,252,0.5595238095238095,84.0,4.619047619047619,17,-11.703571428571394,24,0.71,0,1,0,70,44,19,1
651,7001,160,0.55,22.857142857142858,3.88125,8,73.65500000000003,18,0.72,0,1,1,25,39,7,0
652,70533,45,0.6444444444444445,45.0,4.2444444444444445,1,38.960000000000036,4,0.33,0,0,0,9,11,4,0
653,70613,64,0.609375,64.0,4.6875,6,5.721875000000011,7,0.47,0,0,1,12,15,5,1
654,71081,1,1.0,1.0,3.0,1,205.82000000000002,0,0.01,0,0,0,1,0,0,0
655,71281,68,0.6176470588235294,8.5,3.9411764705882355,2,87.48102941176472,13,0.53,0,0,0,12,10,11,0
656,71288,78,0.6282051282051282,78.0,4.615384615384615,2,-2.48884615384614,5,0.58,0,0,1,15,16,11,0
657,71506,97,0.6597938144329897,8.818181818181818,4.123711340206185,6,78.39794751640115,16,0.67,1,1,0,19,23,10,1
658,71884,55,0.5818181818181818,27.5,4.527272727272727,3,48.17704545454549,6,0.44,0,0,0,18,10,3,1
659,72188,75,0.6,18.75,4.266666666666667,5,60.33975000000002,6,0.5,1,0,0,15,16,9,1
660,7249,204,0.5490196078431373,10.2,3.965686274509804,6,84.09670588235295,37,0.73,1,1,1,36,44,15,0
661,72746,34,0.6764705882352942,11.333333333333334,4.205882352941177,0,73.40813725490199,8,0.24,0,0,1,9,8,3,1
662,72775,220,0.6045454545454545,24.444444444444443,3.922727272727273,9,69.73661616161617,35,0.75,1,0,1,44,44,21,0
663,72972,134,0.5074626865671642,44.666666666666664,3.3507462686567164,4,56.06400497512439,11,0.64,0,1,0,17,38,8,0
664,72979,144,0.5555555555555556,28.8,4.013888888888889,6,58.928000000000026,18,0.72,1,1,1,29,29,13,0
665,73153,78,0.7051282051282052,19.5,4.4743589743589745,4,46.04250000000002,18,0.55,0,0,0,22,21,4,1
666,73192,11,0.7272727272727273,11.0,4.181818181818182,0,49.54272727272729,2,0.1,0,0,0,3,4,1,1
667,73356,94,0.5212765957446809,18.8,3.74468085106383,8,70.75300000000001,9,0.62,0,0,0,10,27,3,1
668,73940,116,0.5344827586206896,29.0,4.275862068965517,7,55.60517241379311,10,0.77,0,1,1,17,25,9,0
669,74919,36,0.6666666666666666,18.0,4.5,3,54.61500000000001,3,0.31,0,0,0,9,5,5,1
670,75413,96,0.6041666666666666,48.0,3.7604166666666665,8,44.43375000000002,14,0.7,0,0,0,24,15,8,1
671,75944,144,0.5694444444444444,36.0,4.159722222222222,7,49.857500000000016,11,0.74,0,1,0,40,30,7,1
672,76153,54,0.7592592592592593,27.0,4.148148148148148,8,39.99666666666667,5,0.4,0,1,1,20,10,8,1
673,76183,70,0.7142857142857143,70.0,4.085714285714285,1,17.34500000000004,5,0.46,0,0,1,17,19,10,0
674,76792,1185,0.5012658227848101,22.358490566037737,4.128270042194093,53,73.26872701218058,139,0.78,0,1,1,275,236,47,1
675,7684,191,0.6020942408376964,23.875,4.371727748691099,14,56.366272905759175,23,0.7,0,1,0,54,27,23,0
676,76865,109,0.6330275229357798,27.25,4.5963302752293576,3,49.55973623853214,7,0.71,0,0,0,29,20,15,1
677,77130,111,0.6036036036036037,55.5,4.297297297297297,4,25.50790540540541,8,0.79,0,1,1,24,25,9,0
678,78083,116,0.5862068965517241,19.333333333333332,4.275862068965517,6,66.87545977011497,14,0.73,0,0,1,33,24,8,1
679,78116,224,0.6116071428571429,22.4,4.495535714285714,14,53.42221428571432,28,0.74,0,0,1,69,28,24,0
680,78341,383,0.5300261096605744,22.529411764705884,4.013054830287206,14,70.65224235908464,52,0.74,0,1,1,68,78,24,0
681,78511,16,0.625,8.0,4.0,1,71.81500000000001,1,0.14,0,0,0,7,3,0,1
682,79114,103,0.7281553398058253,51.5,5.310679611650485,4,-9.709344660194176,5,0.72,0,1,0,38,17,14,1
683,79573,127,0.6535433070866141,42.333333333333336,4.0,7,55.95170603674542,21,0.79,0,1,1,33,22,16,0
684,79662,67,0.6268656716417911,67.0,4.119402985074627,4,15.086716417910466,3,0.56,0,1,0,13,17,7,1
685,80172,88,0.5568181818181818,12.571428571428571,4.2272727272727275,3,71.98181818181821,9,0.65,0,1,0,23,17,4,1
686,80285,125,0.632,17.857142857142858,4.64,5,49.28920000000002,8,0.7,1,1,0,35,21,16,0
687,81443,52,0.6346153846153846,17.333333333333332,4.384615384615385,2,62.34166666666668,4,0.42,0,0,0,12,11,5,1
688,81694,104,0.5769230769230769,104.0,5.076923076923077,8,-42.707692307692284,17,0.71,0,0,1,33,10,11,0
689,82154,56,0.5178571428571429,56.0,4.660714285714286,2,11.009285714285738,2,0.43,0,1,1,9,13,4,1
690,82281,84,0.5476190476190477,42.0,4.2976190476190474,9,40.32642857142859,2,0.58,0,0,1,20,13,10,0
691,82421,145,0.5379310344827586,13.181818181818182,3.8275862068965516,4,79.68304075235112,25,0.72,0,1,0,27,30,8,0
692,82913,165,0.5515151515151515,27.5,3.903030303030303,5,55.35522727272729,11,0.63,0,0,0,33,32,8,1
693,84109,118,0.6101694915254238,13.11111111111111,4.338983050847458,10,66.62722222222224,17,0.76,1,0,0,17,27,11,0
694,84184,473,0.6004228329809725,16.892857142857142,4.665961945031713,22,57.333570295983094,63,0.74,0,1,0,134,83,31,0
695,84260,8,0.75,8.0,3.875,1,92.965,2,0.07,0,0,0,3,2,0,0
696,84525,130,0.6,43.333333333333336,4.346153846153846,12,26.190128205128246,10,0.68,0,0,0,37,20,13,0
697,84648,33,0.8181818181818182,16.5,7.484848484848484,1,61.90568181818185,2,0.28,0,0,0,10,6,6,1
698,85081,210,0.5380952380952381,17.5,4.957142857142857,15,44.849642857142896,18,0.72,1,1,1,58,36,15,0
699,8511,161,0.5527950310559007,23.0,3.7888198757763973,11,66.31111801242237,20,0.76,1,0,0,32,26,12,0
700,85122,63,0.5396825396825397,15.75,3.9523809523809526,2,67.30589285714287,6,0.42,1,0,0,11,14,6,1
701,86473,85,0.611764705882353,14.166666666666666,4.2823529411764705,7,73.02053921568628,9,0.68,0,1,0,20,17,7,0
702,86639,49,0.6530612244897959,16.333333333333332,3.7755102040816326,2,83.21176870748302,8,0.37,0,0,0,19,10,3,0
703,8726,104,0.6057692307692307,20.8,4.644230769230769,15,52.31530769230773,6,0.76,0,0,1,23,25,11,1
704,87409,30,0.7666666666666667,15.0,4.5,0,56.25000000000003,6,0.22,0,0,0,9,6,5,1
705,88026,33,0.5757575757575758,33.0,4.212121212121212,1,42.59454545454548,3,0.23,0,0,0,9,8,1,1
706,88267,47,0.6382978723404256,15.666666666666666,4.702127659574468,0,50.53333333333336,5,0.37,1,1,0,14,8,6,1
707,88281,34,0.5294117647058824,11.333333333333334,3.588235294117647,2,85.8493137254902,4,0.27,0,0,1,5,7,5,0
708,88975,56,0.5178571428571429,11.2,3.9107142857142856,1,86.69557142857144,8,0.42,0,1,0,9,14,5,0
709,90055,60,0.5666666666666667,30.0,3.683333333333333,6,67.81500000000001,3,0.46,0,0,1,18,9,5,0
710,90451,403,0.5310173697270472,403.0,3.9156327543424316,29,-330.0546650124069,19,0.66,0,1,0,36,133,22,0
711,90475,112,0.6428571428571429,37.333333333333336,4.616071428571429,5,23.913095238095252,8,0.77,0,1,1,26,24,8,0
712,9067,147,0.6054421768707483,21.0,3.8979591836734695,8,61.785306122448986,17,0.73,0,1,1,33,35,15,1
713,90914,222,0.536036036036036,17.076923076923077,3.891891891891892,7,72.1289501039501,17,0.69,0,1,1,50,37,14,0
714,91628,130,0.5769230769230769,13.0,3.8384615384615386,9,81.0569230769231,31,0.67,1,0,0,34,23,11,0
715,92038,119,0.5630252100840336,29.75,4.100840336134453,5,56.492531512605055,17,0.73,0,0,0,38,17,10,1
716,9319,61,0.6229508196721312,20.333333333333332,4.081967213114754,6,75.24584699453555,7,0.48,0,0,0,11,16,6,1
717,93405,123,0.5609756097560976,11.181818181818182,4.032520325203252,3,72.36838137472286,18,0.7,0,0,0,21,24,16,0
718,9408,185,0.6216216216216216,13.214285714285714,4.594594594594595,11,57.147905405405425,23,0.81,1,0,0,50,24,28,0
719,94108,25,0.6,6.25,4.2,0,68.51525000000001,4,0.22,0,0,1,7,5,3,1
720,94372,51,0.6470588235294118,51.0,4.803921568627451,2,10.752352941176497,5,0.42,0,0,0,13,10,5,1
721,94445,77,0.6363636363636364,38.5,4.48051948051948,3,40.30814935064937,6,0.52,0,1,0,25,13,7,1
722,94522,115,0.6173913043478261,115.0,4.530434782608696,9,-43.778695652173894,12,0.82,1,0,0,26,26,13,1
723,94578,86,0.6744186046511628,86.0,7.755813953488372,3,-23.09453488372091,9,0.54,1,0,0,32,17,5,1
724,94646,1,1.0,1.0,9.0,0,205.82000000000002,0,0.01,0,0,0,1,0,0,1
725,95029,180,0.5555555555555556,12.857142857142858,3.95,8,74.87500000000001,18,0.67,0,1,0,45,33,13,0
726,95318,92,0.6521739130434783,23.0,4.336956521739131,6,47.39434782608697,8,0.64,0,1,1,19,25,9,1
727,95822,27,0.6296296296296297,9.0,3.740740740740741,1,69.23333333333335,6,0.26,0,0,1,6,7,3,0
728,95871,35,0.6857142857142857,35.0,5.257142857142857,3,-2.724285714285685,4,0.3,1,0,0,10,9,5,1
729,96916,63,0.7142857142857143,63.0,4.936507936507937,1,-4.824285714285679,6,0.42,0,1,0,15,13,13,1
730,97173,5,0.6,5.0,5.0,0,66.40000000000003,1,0.05,0,0,0,1,1,1,0
731,97436,47,0.5319148936170213,47.0,3.3191489361702127,1,70.92999999999999,4,0.28,0,1,0,6,8,3,0
732,97796,156,0.5897435897435898,31.2,3.83974358974359,2,66.70546153846153,28,0.68,1,1,0,26,39,8,0
733,97962,54,0.5925925925925926,9.0,3.9444444444444446,4,88.03333333333336,7,0.43,0,1,1,16,9,6,0
734,98008,48,0.5416666666666666,48.0,3.7708333333333335,1,52.36500000000001,1,0.32,0,0,1,11,9,3,0
735,98178,178,0.5617977528089888,178.0,4.544943820224719,8,-105.01252808988761,16,0.7,1,1,0,30,35,18,0
736,98511,66,0.6363636363636364,66.0,4.7727272727272725,2,-3.7186363636363353,7,0.49,1,0,1,17,16,7,1
737,9922,29,0.6896551724137931,29.0,5.0,4,49.04137931034484,2,0.25,0,0,0,6,7,4,1
738,99240,107,0.5327102803738317,53.5,4.130841121495327,6,29.981098130841147,5,0.74,1,0,0,19,26,4,1
739,99416,64,0.671875,32.0,4.296875,0,48.77687500000003,13,0.49,1,0,0,20,13,7,1
740,99647,63,0.5238095238095238,21.0,3.9523809523809526,3,70.03428571428573,6,0.49,0,0,1,13,14,1,1
741,99678,37,0.7027027027027027,37.0,4.5675675675675675,2,29.80432432432434,2,0.3,0,0,1,10,12,3,1
742,99710,146,0.547945205479452,7.3,4.116438356164384,13,69.6282397260274,68,0.65,0,0,0,35,22,16,0
